pl_name,hostname,sy_snum,sy_pnum,disc_year,pl_orbper,pl_orbsmax,pl_rade,pl_radj,pl_bmasse,pl_bmassj,pl_orbeccen,pl_insol,pl_eqt,st_spectype,st_teff,st_rad,st_mass,st_met,st_metratio,st_logg,sy_dist,sy_vmag,sy_kmag,sy_gaiamag
Kepler-69,Kepler-69c,1,2,-,242.4613,0.64,1.71,-,2.14,-,0.14,6,325,G4,5638,0.93,0.810,âˆ’0.29,[Fe/H],4.40,746,13.7,,
Trappist-1 b,Trappist-1,1,7,2016,1.51087649,0.01111,0.85,-,0.85,-,0.004,934.54,366,M8V,2516,0.114,0.089,-0.04,-0.04,-,39,18.8,14.024,14.024
Trappist-1 c,Trappist-1,1,7,2016,2.4218233,0.01521,1.056,-,1.38,-,0.0,241.42,328,M8V,2516,0.114,0.089,-0.04,-0.04,-,39,18.8,14.024,14.024
Trappist-1 d,Trappist-1,1,7,2016,4.04961041,0.021,0.77,-,0.41,-,0.0,79.55,272,M8V,2516,0.114,0.089,-0.04,-0.04,-,39,18.8,14.024,14.024
Trappist-1 e,Trappist-1,1,7,2016,6.0996151,0.028,0.92,-,0.62,-,0.0,41.09,251,M8V,2516,0.114,0.089,-0.04,-0.04,-,39,18.8,14.024,14.024
Trappist-1 f,Trappist-1,1,7,2017,9.2066906,0.037,1.045,-,0.68,-,0.0,21.22,219,M8V,2516,0.114,0.089,-0.04,-0.04,-,39,18.8,14.024,14.024
Trappist-1 g,Trappist-1,1,7,2017,12.35294,0.0451,1.129,-,1.34,-,0.0,9.43,198,M8V,2516,0.114,0.089,-0.04,-0.04,-,39,18.8,14.024,14.024
Trappist-1 h,Trappist-1,1,7,2017,18.767953,0.0624,0.773,-,0.61,-,0.0,2.04,168,M8V,2516,0.114,0.089,-0.04,-0.04,-,39,18.8,14.024,14.024
Proxima Centauri b,Proxima Centauri,1,1,2016,11.186,0.0485,1.17,-,1.27,-,0.35,260.61,234,M5.5V,3050,0.141,0.123,-0.02,-0.02,5.0,4.24,11.13,8.85,8.85
Ross 128 b,Ross 128,1,1,2017,9.865,0.0501,1.128,-,1.35,-,0.0,162.04,253,M4.0V,3192,0.186,0.164,0.35,0.35,4.75,11.03,11.036,10.044,10.044
GJ 1061 b,GJ 1061,1,3,2019,3.204326,0.0152,1.171,-,1.404,-,0.04,476.21,246,M5.5V,3333,0.154,0.146,-0.11,-0.11,4.79,12.09,8.9,8.707,8.707
GJ 1061 c,GJ 1061,1,3,2019,6.689,0.0215,1.690,-,2.07,-,0.0,119.0,214,M5.5V,3333,0.154,0.146,-0.11,-0.11,4.79,12.09,8.9,8.707,8.707
GJ 1061 d,GJ 1061,1,3,2019,13.031,0.0281,1.755,-,2.09,-,0.0,46.07,191,M5.5V,3333,0.154,0.146,-0.11,-0.11,4.79,12.09,8.9,8.707,8.707
GJ 273 b,GJ 273,1,2,2017,18.6501,0.1109,1.46,-,1.78,-,0.05,40.19,199,M2.5V,3567,0.254,0.282,0.36,0.36,4.66,12.36,8.56,8.185,8.185
GJ 273 c,GJ 273,1,2,2019,5.367,0.0574,2.26,-,2.54,-,0.0,4.85,140,M2.5V,3567,0.254,0.282,0.36,0.36,4.66,12.36,8.56,8.185,8.185
Teegarden's Star b,Teegarden's Star,1,2,2019,4.91,0.0252,1.05,-,1.25,-,0.0,55.98,301,M7.0V,2620,0.098,0.089,0.02,0.02,5.23,12.51,11.05,10.999,10.999
Teegarden's Star c,Teegarden's Star,1,2,2019,11.4,0.034,1.25,-,1.53,-,0.0,18.92,226,M7.0V,2620,0.098,0.089,0.02,0.02,5.23,12.51,11.05,10.999,10.999
GJ 1002 b,GJ 1002,1,1,2021,5.7,0.036,1.65,-,1.79,-,0.0,15.24,238,M2.5V,3655,0.276,0.324,0.3,0.3,4.79,11.48,8.58,8.499,8.499
GJ 667 C b,GJ 667 C,1,3,2013,28.15,0.122,1.97,-,3.0,-,0.29,1.39,160,M1.5V,3480,0.347,0.345,-0.35,-0.35,4.5,7.23,7.64,7.028,7.028
GJ 667 C c,GJ 667 C,1,3,2013,91.1,0.25,0.86,-,0.73,-,0.08,0.52,130,M1.5V,3480,0.347,0.345,-0.35,-0.35,4.5,7.23,7.64,7.028,7.028
GJ 667 C d,GJ 667 C,1,3,2013,66.6,0.19,0.9,-,0.75,-,0.15,0.57,123,M1.5V,3480,0.347,0.345,-0.35,-0.35,4.5,7.23,7.64,7.028,7.028
Wolf 1069 b,Wolf 1069,1,1,2015,4.888,0.039,1.27,-,1.29,-,0.0,39.64,267,M3.5V,3321,0.26,0.23,-0.18,-0.18,4.73,14.01,10.5,9.463,9.463
TOI-700 b,TOI-700,1,3,2019,9.98,0.059,1.19,-,1.17,-,0.03,101.41,261,K7V,3200,0.411,0.401,-0.38,-0.38,4.6,101.28,9.646,9.55,9.55
TOI-700 c,TOI-700,1,3,2019,16.05,0.091,1.66,-,1.38,-,0.05,41.23,221,K7V,3200,0.411,0.401,-0.38,-0.38,4.6,101.28,9.646,9.55,9.55
TOI-700 d,TOI-700,1,3,2019,37.42,0.137,2.1,-,1.77,-,0.02,7.26,185,K7V,3200,0.411,0.401,-0.38,-0.38,4.6,101.28,9.646,9.55,9.55
LP 890-9 b,LP 890-9,1,1,2020,8.26,0.051,1.2,-,1.34,-,0.0,20.51,241,M4.5V,3292,0.186,0.183,-0.23,-0.23,4.65,27.63,8.76,8.329,8.329
TOI-715 b,TOI-715,1,1,2020,16.38,0.084,1.3,-,1.33,-,0.0,23.66,248,K7,3685,0.306,0.305,-0.23,-0.23,4.38,32.07,8.365,8.34,8.34
K2-3 b,K2-3,1,1,2014,10.1169,0.0558,1.49,-,1.77,-,0.14,35.62,266,M3V,3419,0.254,0.25,-0.12,-0.12,4.74,43.18,9.083,8.921,8.921
K2-72 e,K2-72,1,4,2017,24.155,0.127,1.31,-,1.4,-,0.25,6.02,202,M1.5V,3490,0.3,0.29,-0.34,-0.34,4.46,47.47,7.917,7.538,7.538
Kepler-1649 c,Kepler-1649,1,2,2020,19.53464,0.10265,1.22,-,1.32,-,0.08,18.47,230,M4.5V,3444,0.296,0.297,-0.27,-0.27,4.51,49.36,8.005,7.641,7.641
Kepler-296 e,Kepler-296,1,4,2014,59.7357,0.2646,1.16,-,1.16,-,0.16,7.2,188,M1V,3481,0.485,0.487,-0.44,-0.44,4.17,63.07,7.39,7.07,7.07
Kepler-186 f,Kepler-186,1,5,2014,129.9452,0.46,1.22,-,1.17,-,0.06,3.24,178,M1V,3673,0.47,0.47,-0.44,-0.44,4.22,87.1,7.021,6.758,6.758
Kepler-1652 b,Kepler-1652,1,1,2019,15.87211,0.0892,1.2,-,1.41,-,0.06,30.42,230,K2V,4960,0.82,0.88,-0.03,-0.03,4.2,244.79,10.04
Kepler-1229 b,Kepler-1229,1,1,2019,13.6643,0.0736,1.19,-,1.14,-,0.11,31.67,236,K7V,3914,0.618,0.617,-0.29,-0.29,4.39,265.5,10.458,10.042,10.042
Kepler-62 b,Kepler-62,1,5,2013,5.715162,0.0458,0.61,-,0.15,-,0.03,1191.11,287,K2V,4925,0.64,0.69,-0.37,-0.37,4.5,1200,13.2,11.307,11.307
Kepler-62 c,Kepler-62,1,5,2013,12.4414,0.0731,0.44,-,0.19,-,0.05,410.24,243,K2V,4925,0.64,0.69,-0.37,-0.37,4.5,1200,13.2,11.307,11.307
Kepler-62 d,Kepler-62,1,5,2013,18.164,0.093,0.29,-,0.13,-,0.06,207.53,210,K2V,4925,0.64,0.69,-0.37,-0.37,4.5,1200,13.2,11.307,11.307
Kepler-62 e,Kepler-62,1,5,2013,122.387,0.4208,1.61,-,0.046,-,0.1,4.68,270,K2V,4925,0.64,0.69,-0.37,-0.37,4.5,1200,13.2,11.307,11.307
Mercury,Sun,1,8,,87.97,0.387,0.383,,0.055,,0.205,14.72,442,G2V,5778,1,1,0.012,[Fe/H],4.44,0.000004,-26.74,,
Venus,Sun,1,8,,224.7,0.723,0.949,,0.815,,0.007,2613,737,G2V,5778,1,1,0.012,[Fe/H],4.44,0.000004,-26.74,,
Mars,Sun,1,8,,686.98,1.524,0.532,,0.107,,0.093,589,210,G2V,5778,1,1,0.012,[Fe/H],4.44,0.000004,-26.74,,
Jupiter,Sun,1,8,,4332.59,5.203,11.209,,317.8,,0.048,50.41,110,G2V,5778,1,1,0.012,[Fe/H],4.44,0.000004,-26.74,,
Saturn,Sun,1,8,,10759.22,9.539,9.449,,95.159,,0.056,15.04,82,G2V,5778,1,1,0.012,[Fe/H],4.44,0.000004,-26.74,,
Uranus,Sun,1,8,,30685.4,19.18,4.007,,14.536,,0.046,3.72,59,G2V,5778,1,1,0.012,[Fe/H],4.44,0.000004,-26.74,,
Neptune,Sun,1,8,,60189,30.07,3.883,,17.147,,0.01,1.51,48,G2V,5778,1,1,0.012,[Fe/H],4.44,0.000004,-26.74,,
Earth,Sun,1,8,,365.25,1,1,0.0893,1,0.00315,0.01671,1,255,G2V,5780,1,1,0.012,,4.4374,0.000004,-26.74,,
Kepler-452b,Kepler-452,1,1,2015,384.84,1.046,1.5,0.133822,5,0.01573,0.01671,1.1,265,G2V,5757,1.11,1.037,0.21,,4.32,561,13.426,,
Kepler-442b,Kepler-442,1,1,2015,112.3053,0.409,1.34,0.1195477,2.3,0.007235,0.04,0.81,233,K5V,4402,0.6,0.61,-0.37,[Fe/H],4.71269,370,14.976,,
AU Mic b,AU Mic,1,3,2020,8.4629991,0.0645,,,20.12,0.0633,0.186,,,,,,0.5,,,,9.7221,8.81,4.529,7.84038
AU Mic c,AU Mic,1,3,2021,18.858991,0.1101,,,9.6,0.0302,,,,,,,0.5,,,,9.7221,8.81,4.529,7.84038
DS Tuc A b,DS Tuc A,2,1,2019,8.138268,,5.7,0.509,,,0,,850,G6 V,5428,0.96,1.01,0,,,44.0622,8.17,6.676,8.31926
GJ 1252 b,GJ 1252,1,1,2020,0.5182331,,1.193,0.106,1.32,0.00415,0,,,M3,3458,0.39,0.38,0.1,[Fe/H],,20.373,12.68,7.915,11.2364
GJ 143 b,GJ 143,1,2,2019,35.61253,0.1915,2.61,0.233,22.7,0.07142,0.188,,422,K4.5,4640,0.69,0.73,0.003,[Fe/H],4.61,16.32,8.08,5.375,7.67906
GJ 3090 b,GJ 3090,1,1,2022,2.8531054,0.03165,2.13,0.19,3.34,0.01051,0.32,,693,M2 V,3556,0.52,0.52,-0.06,[Fe/H],4.73,22.4751,11.403,7.294,10.5521
GJ 3473 b,GJ 3473,2,2,2020,1.1980035,0.01589,1.264,0.113,1.86,0.00585,0,59.4,773,,3347,0.36,0.36,0.11,[Fe/H],4.81,27.3644,13.74,8.829001,12.465
GJ 357 b,GJ 357,1,3,2019,3.9306,0.036,1.2,0.107,,,,,518,M2.5 V,3505,0.34,0.34,-0.12,[Fe/H],4.94,9.44181,10.91,6.475,9.88036
GJ 367 b,GJ 367,1,3,2021,0.3219225,0.00709,0.699,0.062,0.633,0.00199,0.06,579,1365,M1.0 V,3522,0.46,0.46,-0.01,[Fe/H],4.78,9.41263,10.153,5.78,9.15159
GJ 3929 b,GJ 3929,1,2,2022,2.616235,0.0252,1.09,0.097,1.75,0.00551,0,17.3,568,,3384,0.32,0.31,-0.02,[Fe/H],4.89,15.8095,12.675,7.869,11.5109
GJ 806 b,GJ 806,1,2,2023,0.9263237,0.01406,1.331,0.119,1.9,0.00598,,130,940,M1.5 V,3600,0.41,0.41,-0.28,[Fe/H],4.98,12.0445,10.79,6.533,9.82461
HD 108236 b,HD 108236,1,5,2020,3.795963,0.04527,1.615,0.144,,,0.045,,,,5660,0.88,0.87,-0.28,[Fe/H],4.49,64.5978,9.25,7.637,9.08745
HD 108236 c,HD 108236,1,5,2020,6.203449,0.062,2.071,0.185,,,0.034,,,,5660,0.88,0.87,-0.28,[Fe/H],4.49,64.5978,9.25,7.637,9.08745
HD 108236 d,HD 108236,1,5,2020,14.175685,0.1074,2.539,0.227,,,0.055,,,,5660,0.88,0.87,-0.28,[Fe/H],4.49,64.5978,9.25,7.637,9.08745
HD 108236 e,HD 108236,1,5,2020,19.590025,0.1367,3.083,0.275,,,0.058,,,,5660,0.88,0.87,-0.28,[Fe/H],4.49,64.5978,9.25,7.637,9.08745
HD 109833 b,HD 109833,1,2,2022,9.188526,,2.888,0.258,,,0.18,,,,5881,1,1.08,-0.07,[M/H],4.45,79.5561,9.29,7.82,9.13657
HD 109833 c,HD 109833,1,2,2022,13.900148,,2.59,0.231,,,0.3,,,,5881,1,1.08,-0.07,[M/H],4.45,79.5561,9.29,7.82,9.13657
HD 110082 b,HD 110082,2,1,2021,10.18271,0.113,3.2,0.285,,,0.2,,,F8 V,6200,1.19,1.21,0.08,[Fe/H],4.2,105.096,9.23,8.002,9.11523
HD 110113 b,HD 110113,1,2,2021,2.541,0.035,2.05,0.183,4.55,0.01432,0.093,735.49,1371,G,5732,0.97,1,0.14,[Fe/H],4.46,106.307,10.09,8.502,9.91036
HD 1397 b,HD 1397,1,1,2018,11.53533,0.1097,11.5,1.026,131.89945,0.415,0.251,356,1228,,5521,2.34,1.32,0.29,[Fe/H],3.82,79.5702,7.79,5.988,7.59336
HD 152843 b,HD 152843,1,2,2021,11.6264,0.1053,3.41,0.304,11.56,0.03637,0.14,255.7,,G0,6310,1.43,1.15,-0.16,[Fe/H],4.19,107.898,8.855,7.629,8.76412
HD 152843 c,HD 152843,1,2,2021,24.38,,5.83,0.52,27.5,0.08652,0.115,,,G0,6310,1.43,1.15,-0.16,[Fe/H],4.19,107.898,8.855,7.629,8.76412
HD 15337 b,HD 15337,1,2,2019,4.75615,0.0522,1.64,0.146,7.51,0.02363,0.09,,1001,K1 V,5125,0.86,0.9,0.15,[Fe/H],4.53,44.8155,9.1,7.044,8.85598
HD 15337 c,HD 15337,1,2,2019,17.1784,0.1268,2.39,0.213,8.11,0.02552,0.05,,642,K1 V,5125,0.86,0.9,0.15,[Fe/H],4.53,44.8155,9.1,7.044,8.85598
HD 15906 b,HD 15906,1,2,2023,10.924709,0.09,2.24,0.2,,,0.11,33.14,668,K V,4757,0.76,0.79,0.02,[Fe/H],4.49,45.5621,9.78,7.459,9.47728
HD 15906 c,HD 15906,1,2,2023,21.583298,0.141,2.93,0.261,,,0.04,13.37,532,K V,4757,0.76,0.79,0.02,[Fe/H],4.49,45.5621,9.78,7.459,9.47728
HD 183579 b,HD 183579,1,1,2021,17.471278,0.1334,3.55,0.317,19.7,0.06198,0.28,58.1,769,,5788,0.98,1.03,-0.023,[Fe/H],4.5,57.2651,8.67,7.15,8.51549
HD 18599 b,HD 18599,2,1,2022,4.1374354,0.048,2.6,0.232,24.1,0.07583,0.34,,,K2 V,5145,0.77,0.86,0,[Fe/H],4.54,38.5653,8.99,6.883,8.73117
HD 191939 b,HD 191939,1,6,2020,8.8803256,0.0804,3.41,0.304,10,0.03146,0.031,100,880,G9 V,5348,0.94,0.81,-0.15,[Fe/H],4.3,53.6089,8.97,7.18,8.77476
HD 191939 c,HD 191939,1,6,2020,28.579743,0.1752,3.195,0.285,8,0.02517,0.034,21,600,G9 V,5348,0.94,0.81,-0.15,[Fe/H],4.3,53.6089,8.97,7.18,8.77476
HD 191939 d,HD 191939,1,6,2020,38.353037,0.2132,2.995,0.267,2.8,0.00881,0.031,14.3,540,G9 V,5348,0.94,0.81,-0.15,[Fe/H],4.3,53.6089,8.97,7.18,8.77476
HD 202772 A b,HD 202772 A,2,1,2019,3.308958,0.05208,17.318,1.545,323.23311,1.017,0.038,3440,2132,,6272,2.59,1.72,0.3,[Fe/H],3.85,161.498,8.324,6.959,8.22688
HD 20329 b,HD 20329,1,1,2022,0.926118,0.018,1.72,0.153,7.42,0.02335,0,3474,2141,,5596,1.13,0.9,-0.07,[Fe/H],4.4,63.6796,8.76,7.116,8.59089
HD 207496 b,HD 207496,1,1,2023,6.441008,0.0629,2.25,0.201,6.1,0.01919,0.231,72.9,743,K2.5 V,4819,0.77,0.8,0.095,[Fe/H],4.51,23.606,8.23,5.967,7.97255
HD 207897 b,HD 207897,1,1,2021,16.202159,0.1163,2.501,0.223,14.4,0.04531,0.047,26.5,632,K0 V,5070,0.78,0.8,-0.042,[Fe/H],4.56,28.2938,8.37,6.312,8.13037
HD 213885 b,HD 213885,1,2,2019,1.008035,0.02012,1.745,0.156,8.83,0.02778,0,,2128,G,5978,1.1,1.07,-0.04,[Fe/H],4.38,48.0883,7.95,6.419,7.80173
HD 21749 c,GJ 143,1,2,2019,7.78993,0.0695,0.892,0.08,3.7,0.01164,,,701,K4.5,4640,0.69,0.73,0.003,[Fe/H],4.61,16.32,8.08,5.375,7.67906
HD 219666 b,HD 219666,1,1,2018,6.04345,0.104,4.24,0.378,,,,,838,G5 V,5527,1.03,0.92,0.04,[Fe/H],4.4,94.1719,9.809,8.158,9.64956
HD 221416 b,HD 221416,1,1,2019,14.2767,0.1228,9.17,0.836,60.5,0.19,0.115,,,,5080,2.94,1.21,-0.08,[Fe/H],3.58,95.5483,8.15,6.043,7.90776
HD 22946 d,HD 22946,1,3,2023,47.42489,0.2958,2.607,0.233,26.57,0.0836,,18.56,546,,6169,1.12,1.1,-0.08,[Fe/H],4.47,62.7792,8.270001,6.981,8.1281
HD 23472 b,HD 23472,1,5,2019,17.667087,0.1162,2,0.178,8.32,0.02618,0.072,16,543,K4 V,4684,0.71,0.67,-0.2,[Fe/H],4.53,39.0341,9.73,7.207,9.38476
HD 23472 c,HD 23472,1,5,2019,29.79749,0.1646,1.87,0.167,3.41,0.01073,0.063,7.96,467,K4 V,4684,0.71,0.67,-0.2,[Fe/H],4.53,39.0341,9.73,7.207,9.38476
HD 23472 d,HD 23472,1,5,2022,3.97664,0.04298,0.75,0.067,0.55,0.00173,0.07,117,909,K4 V,4684,0.71,0.67,-0.2,[Fe/H],4.53,39.0341,9.73,7.207,9.38476
HD 23472 e,HD 23472,1,5,2022,7.90754,0.068,0.818,0.073,0.72,0.00227,0.07,46.7,723,K4 V,4684,0.71,0.67,-0.2,[Fe/H],4.53,39.0341,9.73,7.207,9.38476
HD 23472 f,HD 23472,1,5,2022,12.1621839,0.0906,1.137,0.101,0.77,0.00242,0.07,26.3,630,K4 V,4684,0.71,0.67,-0.2,[Fe/H],4.53,39.0341,9.73,7.207,9.38476
HD 235088 b,HD 235088,1,1,2023,7.4341393,0.072,2.045,0.182,,,,70,805,K2 V,5037,0.79,0.84,-0.01,[Fe/H],4.63,41.1706,9.19,7.084,8.94271
HD 260655 b,HD 260655,1,2,2022,2.76953,0.02933,1.24,0.111,2.14,0.00673,0.039,42.2,709,M0 V,3803,0.44,0.44,-0.43,[Fe/H],5.2,10.0055,9.63,5.862,8.876041
HD 260655 c,HD 260655,1,2,2022,5.70588,0.04749,1.533,0.137,3.09,0.00972,0.038,16.1,557,M0 V,3803,0.44,0.44,-0.43,[Fe/H],5.2,10.0055,9.63,5.862,8.876041
HD 2685 b,HD 2685,1,1,2019,4.12688,0.0568,16.141,1.44,371.8611,1.17,0.091,,2061,,6801,1.56,1.43,0.02,[Fe/H],4.21,196.852,9.595,8.595,9.52025
HD 28109 b,HD 28109,1,3,2022,22.89104,0.1357,2.199,0.196,18.496,0.05819,0.3307,,881,F8/G0 V,6120,1.45,1.26,0,[Fe/H],4.13,139.611,9.42,8.175,9.29976
HD 28109 c,HD 28109,1,3,2022,56.00819,0.308,4.23,0.377,7.943,0.02499,0.1203,,585,F8/G0 V,6120,1.45,1.26,0,[Fe/H],4.13,139.611,9.42,8.175,9.29976
HD 28109 d,HD 28109,1,3,2022,84.25999,0.411,3.25,0.29,5.681,0.01787,0.0864,,506,F8/G0 V,6120,1.45,1.26,0,[Fe/H],4.13,139.611,9.42,8.175,9.29976
HD 332231 b,HD 332231,1,1,2020,18.71204,0.1436,9.718,0.867,77.55052,0.244,0.032,98.09,876,F8,6089,1.28,1.13,0.036,[Fe/H],4.28,80.6665,8.558,7.242,8.41839
HD 5278 b,HD 5278,1,2,2021,14.339156,0.1202,2.45,0.219,7.8,0.02454,0.08,132,943,F V,6203,1.19,1.13,-0.12,[Fe/H],4.5,57.5846,7.94,6.605,7.80375
HD 56414 b,HD 56414,1,1,2022,29.04992,0.229,3.71,0.331,,,0.68,,1133,,8500,1.75,1.89,0,[Fe/H],,272.217,9.217,8.823,9.20475
HD 63433 b,HD 63433,1,3,2020,7.1079379,0.0714,2.112,0.188,,,0.24,,,G5 V,5688,0.91,0.99,0.03,[Fe/H],4.52,22.4035,6.92035,5.258,6.71831
HD 63433 c,HD 63433,1,3,2020,20.543791,0.1448,2.521,0.225,,,0.21,,,G5 V,5688,0.91,0.99,0.03,[Fe/H],4.52,22.4035,6.92035,5.258,6.71831
HD 63433 d,HD 63433,1,3,2023,4.209075,0.0503,1.073,0.096,,,0.16,,1040,G5 V,5688,0.91,0.99,0.03,[Fe/H],4.52,22.4035,6.92035,5.258,6.71831
HD 63935 b,HD 63935,1,2,2021,9.058811,,2.99,0.267,10.8,0.03398,0,115.6,911,,5534,0.96,0.93,0.07,[Fe/H],4.38,48.9739,8.58,6.881,8.39353
HD 73583 b,HD 73583,1,2,2022,6.398042,0.0604,2.79,0.249,10.2,0.03209,0.09,43.3,714,K4 V,4511,0.65,0.73,0,[Fe/H],4.62,31.5666,9.67,6.948,9.27033
HD 73583 c,HD 73583,1,2,2022,18.87974,0.1242,2.39,0.213,9.7,0.03052,0.08,10.2,498,K4 V,4511,0.65,0.73,0,[Fe/H],4.62,31.5666,9.67,6.948,9.27033
HD 86226 c,HD 86226,1,2,2020,3.98442,0.049,2.16,0.193,7.25,0.02281,0.075,,1311,G1 V,5863,1.05,1.02,0.018,[Fe/H],4.4,45.683,7.93,6.463,7.7713
HD 93963 A b,HD 93963 A,2,2,2022,1.0391353,0.02085,1.35,0.12,7.8,0.02454,,2898,2042,G0 V,5987,1.04,1.11,0.1,[Fe/H],4.49,82.3432,9.182,7.776,9.03376
HD 93963 A c,HD 93963 A,2,2,2022,3.6451398,0.04813,3.228,0.288,19.2,0.06041,,543.8,1344,G0 V,5987,1.04,1.11,0.1,[Fe/H],4.49,82.3432,9.182,7.776,9.03376
HIP 113103 b,HIP 113103,1,2,2023,7.610303,0.06899,1.829,0.163,,,0.17,,721,,4930,0.74,0.76,-0.1,[m/H],4.6,46.2122,9.95,7.557,9.61752
HIP 113103 c,HIP 113103,1,2,2023,14.245648,0.10479,2.4,0.214,,,0.17,,585,,4930,0.74,0.76,-0.1,[m/H],4.6,46.2122,9.95,7.557,9.61752
HIP 29442 b,HIP 29442,1,3,2023,13.63083,0.107,3.48,0.31,9.6,0.0302,,61,777,,5289,0.98,0.89,0.24,[Fe/H],4.39,68.192,9.49,7.587,9.27468
HIP 65 A b,HIP 65 A,2,1,2020,0.9809734,0.01782,22.754,2.03,1021.18779,3.213,0,661,1411,K4 V,4590,0.72,0.78,0.18,[Fe/H],4.61,61.7856,11,8.29,10.5895
HIP 67522 b,HIP 67522,1,1,2020,6.959503,,10.07,0.898,,,0.059,,1174,,5675,1.38,1.22,0,,,127.28,9.79,8.164,9.63261
HIP 94235 b,HIP 94235,2,1,2022,7.713057,0.0787,3,0.268,379,1.19247,0.32,,1060,G V,5991,1.08,1.09,0,[m/H],4.46,58.5146,8.31,6.881,8.16034
HIP 9618 b,HIP 9618,1,2,2023,20.772907,0.1438,3.9,0.348,10,0.03146,0.22,40.3,663,,5609,0.97,1.02,,,4.45,67.5478,9.2,7.559,9.02543
HIP 9618 c,HIP 9618,1,2,2023,52.563491,0.2669,3.343,0.298,18.3,0.05758,0.23,11.7,487,,5609,0.97,1.02,,,4.45,67.5478,9.2,7.559,9.02543
HIP 97166 b,HIP 97166,1,2,2021,10.28891,0.089,2.74,0.244,20,0.06293,0.16,,757,K0 V,5198,0.84,0.9,0.27,[Fe/H],4.41,65.9501,9.92,7.923,9.68443
HR 858 b,HR 858,2,3,2019,3.58599,0.048,2.085,0.186,,,0.3,989.7,1572,,6201,1.31,1.15,-0.14,[Fe/H],4.26,31.964,6.38,5.149,6.25276
HR 858 c,HR 858,2,3,2019,5.97293,0.0674,1.939,0.173,,,0.19,512,1326,,6201,1.31,1.15,-0.14,[Fe/H],4.26,31.964,6.38,5.149,6.25276
HR 858 d,HR 858,2,3,2019,11.23,0.1027,2.164,0.193,,,0.28,217,1075,,6201,1.31,1.15,-0.14,[Fe/H],4.26,31.964,6.38,5.149,6.25276
L 168-9 b,L 168-9,1,1,2020,1.4015,0.02091,1.39,0.124,4.6,0.01447,0.21,,965,M1 V,3800,0.6,0.62,0.04,[Fe/H],4.04,25.1496,11.005,7.082,10.2316
L 98-59 b,L 98-59,1,4,2019,2.2531136,0.02191,0.85,0.076,0.4,0.00126,0.103,24.7,627,M3 V,3415,0.3,0.27,-0.46,[Fe/H],4.86,10.6194,11.685,7.101,10.5976
L 98-59 c,L 98-59,1,4,2019,3.6906745,,1.34,0.12,2.42,0.00761,0,,,M3 V,3412,0.31,0.31,-0.5,[Fe/H],4.94,10.6194,11.685,7.101,10.5976
L 98-59 d,L 98-59,1,4,2019,7.450729,,1.58,0.141,2.31,0.00727,0,,,M3 V,3412,0.31,0.31,-0.5,[Fe/H],4.94,10.6194,11.685,7.101,10.5976
LHS 1478 b,LHS 1478,1,1,2021,1.9495378,0.01848,1.242,0.111,2.33,0.00733,,,595,m3 V,3381,0.25,0.24,-0.13,[Fe/H],4.87,18.2276,13.304,8.767,12.2598
LHS 1678 b,LHS 1678,2,2,2021,0.8602322,0.01251,0.696,0.062,0.35,0.0011,0.25,93.2,,M2.0 V,3490,0.33,0.34,,,,19.8782,12.6,8.264,11.5403
LHS 1678 c,LHS 1678,2,2,2021,3.694247,0.0331,0.982,0.088,1.4,0.0044,0.22,13.5,,M2.0 V,3490,0.33,0.34,,,,19.8782,12.6,8.264,11.5403
LHS 1815 b,LHS 1815,1,1,2020,3.814334,,1.088,0.097,1.58,0.00497,0,,,M1,3643,0.5,0.5,-0.12,[Fe/H],4.77,29.8424,12.167,7.993,11.2362
LHS 3844 b,LHS 3844,1,1,2019,0.46292913,0.00622,1.303,0.116,,,,70.1,805,M5,3036,0.19,0.15,,,5.06,14.8846,15.24,9.145001,13.3925
LHS 475 b,LHS 475,1,1,2023,2.029088,,0.991,0.088,,,,,586,M3.5 V,3300,0.28,0.26,,,5,12.4814,13,7.686,11.4174
LP 714-47 b,LP 714-47,1,1,2020,4.052037,0.0417,4.7,0.419,30.8,0.09691,0.04,,700,M0.0 V,3950,0.58,0.59,0.41,[Fe/H],4.64,52.616,12.492,8.626,11.7282
LP 791-18 b,LP 791-18,1,3,2019,0.9479981,0.00978,1.212,0.108,,,,24.14,564,M(6.1 +/- 0.7) V,2960,0.18,0.14,-0.09,[Fe/H],5.12,26.4927,16.91,10.644,15.0715
LP 791-18 c,LP 791-18,1,3,2019,4.9899093,0.02961,2.438,0.218,7.1,0.02234,0.00008,2.64,324,M(6.1 +/- 0.7) V,2960,0.18,0.14,-0.09,[Fe/H],5.12,26.4927,16.91,10.644,15.0715
LP 890-9 b,LP 890-9,1,2,2022,2.7299025,0.01875,1.32,0.118,13.2,0.04153,,4.09,396,M6 V,2850,0.16,0.12,-0.028,[Fe/H],5.13,32.4298,18,11.344,15.8213
LTT 1445 A b,LTT 1445 A,3,2,2019,5.35876,0.022,1.18,0.105,,,,,555,M3.0,3340,0.27,0.26,-0.34,[Fe/H],,6.86929,10.59,6.496,10.0469
LTT 1445 A c,LTT 1445 A,3,2,2022,3.1239035,0.02661,1.147,0.102,1.54,0.00485,0.223,10.9,508,,3340,0.27,0.26,-0.34,[Fe/H],,6.86929,10.59,6.496,10.0469
LTT 3780 b,LTT 3780,2,2,2020,0.76837883,,1.32,0.118,2.47,0.00777,0.032,,,M3.5 V,3360,0.38,0.38,0.09,[Fe/H],4.81,21.9814,13.14,8.204001,11.8465
LTT 3780 c,LTT 3780,2,2,2020,12.252196,,2.33,0.208,7.02,0.02209,0.03,,,M3.5 V,3360,0.38,0.38,0.09,[Fe/H],4.81,21.9814,13.14,8.204001,11.8465
LTT 9779 b,LTT 9779,1,1,2020,0.792052,0.01679,4.72,0.421,29.32,0.09225,0,,1978,G7 V,5443,0.95,0.77,0.27,[Fe/H],4.35,80.4373,9.79,8.016,9.60006
NGTS-11 b,NGTS-11,1,1,2020,35.45533,0.201,9.158,0.817,109.33352,0.344,0.13,,435,K,5050,0.83,0.86,0.22,[Fe/H],4.5,190.422,12.456,10.315,12.1895
NGTS-20 b,NGTS-20,1,1,2022,54.18915,0.313,11.994,1.07,947.12865,2.98,0.432,,688,G1 IV,5980,1.78,1.47,0.15,[Fe/H],3.8,382.898,11.233,9.83,11.0313
TIC 172900988 b,TIC 172900988 Aa,2,1,2021,200.452,0.90281,11.25,1.004,942,2.96386,0.0271,,,F9,6050,1.38,1.24,0.34,[Fe/H],4.25,250.956,10.141,8.762,10.0477
TIC 237913194 b,TIC 237913194,1,1,2020,15.168865,0.1207,12.52,1.117,617.22586,1.942,0.575,,974,G3,5788,1.09,1.03,0.14,[Fe/H],4.38,306.063,12.144,10.485,11.9371
TIC 257060897 b,TIC 257060897,1,1,2021,3.660028,0.051,16.701,1.49,212.94503,0.67,0.03,,1762,,,1.82,1.32,,,,505.703,11.814,10.387,11.6659
TIC 279401253 b,TIC 279401253,1,2,2023,76.8,0.369,11.209,1,1951.46642,6.14,0.448,,,,5951,1.06,1.13,0.2,[Fe/H],4.44,285.584,11.938,10.345,11.6965
TOI-1052 b,TOI-1052,1,2,2023,9.139703,0.09103,2.87,0.256,16.9,0.05317,0.18,246,1135,,6146,1.26,1.2,0.14,[Fe/H],4.3,129.804,9.511,8.246,9.39972
TOI-1062 b,TOI-1062,1,2,2021,4.11296,0.052,2.265,0.202,10.15,0.03194,0.177,232,1077,G9 V,5328,0.84,0.94,0.14,[Fe/H],4.55,82.1733,10.249,8.296,10.0008
TOI-1062 c,TOI-1062,1,2,2021,7.972,0.08,,,9.78,0.03077,0.14,95,859,G9 V,5328,0.84,0.94,0.14,[Fe/H],4.55,82.1733,10.249,8.296,10.0008
TOI-1064 b,TOI-1064,1,2,2022,6.443868,0.06152,2.587,0.231,13.5,0.04248,0.047,62.9,784,,4734,0.73,0.75,0.05,[Fe/H],4.6,68.0726,10.938,8.467,10.6491
TOI-1064 c,TOI-1064,1,2,2022,12.226574,0.09429,2.651,0.237,2.5,0.00787,0.088,26.8,634,,4734,0.73,0.75,0.05,[Fe/H],4.6,68.0726,10.938,8.467,10.6491
TOI-1075 b,TOI-1075,1,1,2022,0.6047328,0.01159,1.791,0.16,9.95,0.03131,0,509.2,1323,K9 V/M0 V,3875,0.58,0.6,-0.08,[Fe/H],,61.4592,12.615,9.115,12.0544
TOI-1107 b,TOI-1107,1,1,2022,4.0782387,0.0561,14.572,1.3,1064.72516,3.35,0.025,532,1728,F6 V,6311,1.81,1.35,-0.1,[Fe/H],4.05,281.314,10.553,9.205,10.3745
TOI-1130 b,TOI-1130,1,2,2020,4.07445,0.04457,3.56,0.318,19.28,0.06066,0.0541,78.1,632,K6-K7,4350,0.69,0.71,0.3,[Fe/H],4.62,58.2609,11.595,8.351,10.9028
TOI-1130 c,TOI-1130,1,2,2020,8.350231,0.07191,13.32,1.188,325.69,1.02474,0.0457,30,498,K6-K7,4350,0.69,0.71,0.3,[Fe/H],4.62,58.2609,11.595,8.351,10.9028
TOI-1135 b,TOI-1135,1,1,2024,8.02773,0.082,9.02,0.805,51.42,0.162,0,,1199,G0,6122,1.16,1.12,0,[Fe/H],4.56,114.048,9.54,8.192,9.41353
TOI-1136 b,TOI-1136,1,6,2022,4.17278,,1.9,0.17,,,0.031,,,,5770,0.97,1.02,0.07,[Fe/H],4.47,84.5362,9.534,8.034,9.36789
TOI-1136 c,TOI-1136,1,6,2022,6.25725,,2.879,0.257,,,0.117,,,,5770,0.97,1.02,0.07,[Fe/H],4.47,84.5362,9.534,8.034,9.36789
TOI-1136 d,TOI-1136,1,6,2022,12.51937,,4.627,0.413,,,0.016,,,,5770,0.97,1.02,0.07,[Fe/H],4.47,84.5362,9.534,8.034,9.36789
TOI-1136 e,TOI-1136,1,6,2022,18.7992,,2.639,0.235,,,0.057,,,,5770,0.97,1.02,0.07,[Fe/H],4.47,84.5362,9.534,8.034,9.36789
TOI-1136 f,TOI-1136,1,6,2022,26.3162,,3.88,0.346,,,0.012,,,,5770,0.97,1.02,0.07,[Fe/H],4.47,84.5362,9.534,8.034,9.36789
TOI-1136 g,TOI-1136,1,6,2022,39.5387,,2.53,0.226,,,0.036,,,,5770,0.97,1.02,0.07,[Fe/H],4.47,84.5362,9.534,8.034,9.36789
TOI-1181 b,TOI-1181,1,1,2022,2.103195,,14.572,1.3,375.03752,1.18,,,,F9 IV,5990,1.75,1.19,0.05,[Fe/H],3.9,302.819,10.582,9.22,10.4776
TOI-1194 b,TOI-1194,1,1,2023,2.310644,0.03428,8.597,0.767,144.92975,0.456,0.076,,1391,,5446,0.96,1.01,0.29,[Fe/H],4.47,149.667,11.302,9.34,10.9887
TOI-1199 b,TOI-1199,1,1,2024,3.671463,0.04988,10.514,0.938,75.96099,0.239,0.03,,1486,,5710,1.45,1.23,0.44,[Fe/H],4.19,248.427,11.093,9.466,10.8853
TOI-1201 b,TOI-1201,2,1,2021,2.4919863,0.0287,2.415,0.215,6.28,0.01976,0,40.6,703,M2.0 V,3476,0.51,0.51,0.05,[Fe/H],4.8,37.8871,12.26,8.646,12.0966
TOI-122 b,TOI-122,1,1,2020,5.07803,0.0392,2.72,0.243,,,0,8.8,471,M3 V,3403,0.33,0.31,,,4.88,62.118,15.526,10.771,14.3357
TOI-1221 b,TOI-1221,1,1,2023,91.68278,0.387,2.91,0.26,1112.39942,3.5,0.21,6.06,440,,5592,1.03,0.93,0.06,[Fe/H],4.38,138.411,10.494,9.036,10.5262
TOI-1227 b,TOI-1227,1,1,2022,27.36397,0.0886,9.572,0.854,,,,3.21,,M4.5V-M5V,3072,0.56,0.17,,,,100.641,16.999,11.034,15.2514
TOI-1231 b,TOI-1231,1,1,2021,24.245586,0.1288,3.65,0.326,15.4,0.04845,0.087,1.93,330,M3 V,3553,0.48,0.48,0.041,[Fe/H],4.77,27.6227,12.36,8.069,11.36
TOI-1235 b,TOI-1235,1,1,2020,3.444714,,1.69,0.151,6.69,0.02105,0.049,,,M0.5 V,3997,0.62,0.63,0.33,[Fe/H],4.64,39.6345,11.495,7.893,10.8492
TOI-1246 b,TOI-1246,1,4,2022,4.30744,0.049,3.01,0.269,8.1,0.02549,,196,955,K V,5151,0.86,0.87,0.17,[Fe/H],4.4,169.422,11.632,9.907,11.7291
TOI-1246 c,TOI-1246,1,4,2022,5.904144,0.061,2.51,0.224,8.8,0.02769,,129,860,K V,5151,0.86,0.87,0.17,[Fe/H],4.4,169.422,11.632,9.907,11.7291
TOI-1246 d,TOI-1246,1,4,2022,18.6559,0.131,3.51,0.313,5.3,0.01668,,28,586,K V,5151,0.86,0.87,0.17,[Fe/H],4.4,169.422,11.632,9.907,11.7291
TOI-1246 e,TOI-1246,1,4,2022,37.9216,0.211,3.78,0.337,14.8,0.04657,,11,462,K V,5151,0.86,0.87,0.17,[Fe/H],4.4,169.422,11.632,9.907,11.7291
TOI-125 b,TOI-125,1,3,2019,4.65382,0.05186,2.726,0.243,9.5,0.02989,0.194,185,1037,K0 V,5320,0.85,0.86,-0.02,[Fe/H],4.52,111.059,11.023,8.995,10.718
TOI-125 c,TOI-125,1,3,2019,9.15059,0.0814,2.759,0.246,6.63,0.02086,0.066,77.59,828,K0 V,5320,0.85,0.86,-0.02,[Fe/H],4.52,111.059,11.023,8.995,10.718
TOI-125 d,TOI-125,1,3,2020,19.98,0.137,2.93,0.261,13.6,0.04279,0.168,26.7,638,K0 V,5320,0.85,0.86,-0.02,[Fe/H],4.52,111.059,11.023,8.995,10.718
TOI-1259 A b,TOI-1259 A,2,1,2021,3.477978,0.0407,11.456,1.022,140.16233,0.441,0,,963,,4775,0.71,0.74,-0.5,[Fe/H],4.61,118.106,12.079,9.619,11.8104
TOI-1260 b,TOI-1260,1,3,2021,3.127463,0.0367,2.41,0.215,8.56,0.02693,0,95.58,871,,4227,0.67,0.68,-0.1,[Fe/H],4.57,73.5977,11.922,8.95,11.5743
TOI-1260 c,TOI-1260,1,3,2021,7.493134,0.0657,2.76,0.246,13.2,0.04153,0,29.81,651,,4227,0.67,0.68,-0.1,[Fe/H],4.57,73.5977,11.922,8.95,11.5743
TOI-1260 d,TOI-1260,1,3,2022,16.608164,0.1116,3.12,0.278,11.84,0.03725,0,10.32,499,,4227,0.67,0.68,-0.1,[Fe/H],4.57,73.5977,11.922,8.95,11.5743
TOI-1266 b,TOI-1266,1,2,2020,10.894843,0.0736,2.37,0.211,13.5,0.04248,0.09,4.9,413,M3,3600,0.42,0.45,-0.5,[Fe/H],4.85,36.0118,12.941,8.84,12.1222
TOI-1266 c,TOI-1266,1,2,2020,18.80151,0.1058,1.56,0.139,2.2,0.00692,0.04,2.3,344,M3,3600,0.42,0.45,-0.5,[Fe/H],4.85,36.0118,12.941,8.84,12.1222
TOI-1268 b,TOI-1268,1,1,2022,8.1577094,0.0711,9.1,0.812,96.4,0.30331,0.105,,919,K1-K2,5300,0.92,0.96,0.36,[Fe/H],4.55,109.557,10.92,8.911,10.692
TOI-1272 b,TOI-1272,1,2,2022,3.31599,0.0412,4.14,0.369,24.6,0.0774,0.338,,961,,4985,0.79,0.85,0.17,[Fe/H],4.55,137.572,11.758,9.701,11.6
TOI-1273 b,TOI-1273,1,1,2024,4.631296,0.0549,11.097,0.99,70.55791,0.222,0.055,,1211,,5690,1.06,1.06,0.07,[Fe/H],4.37,177.118,10.98,9.417,10.8662
TOI-1278 b,TOI-1278,1,1,2021,14.47567,0.095,12.218,1.09,5879.82553,18.5,0.013,,,M0 V,3799,0.57,0.54,-0.01,[Fe/H],4.68,75.5759,13.502,9.735,12.7543
TOI-1288 b,TOI-1288,1,2,2022,2.699835,,5.24,0.467,42,0.13215,0.064,,1266,G V,5225,1.01,0.89,0.07,[Fe/H],4.24,114.865,10.445,8.779,10.4468
TOI-1296 b,TOI-1296,1,1,2021,3.9443715,0.0497,13.798,1.231,94.71287,0.298,0.055,,1562,,5603,1.66,1.17,0.44,[Fe/H],4.05,323.265,11.37,9.742,11.2912
TOI-1298 b,TOI-1298,1,1,2021,4.537164,0.059,9.427,0.841,113.14691,0.356,0.032,,1388,,5889,1.41,1.44,0.49,[Fe/H],4.39,319.036,11.889,10.012,11.4038
TOI-132 b,TOI-132,1,1,2020,2.1097019,0.026,3.42,0.305,22.4,0.07048,0.059,860,1395,G8 V,5397,0.9,0.97,0.16,[Fe/H],4.48,163.678,11.197,9.646,11.3208
TOI-1333 b,TOI-1333,2,1,2021,4.720219,0.0626,15.648,1.396,753.2571,2.37,0.073,,1679,,6274,1.93,1.46,0.119,[Fe/H],4.03,200.492,9.438,8.272,9.35039
TOI-1338 b,TOI-1338 A,2,2,2020,95.174,0.4607,6.85,0.611,33,0.10383,0.088,,,,6050,1.33,1.13,0.01,[Fe/H],4,399.017,11.722,10.635,11.8764
TOI-1347 b,TOI-1347,1,2,2024,0.84742346,,1.8,0.161,11.1,0.03492,0,,1400,,5464,0.83,0.91,0.04,[Fe/H],4.64,147.476,11.168,9.616,11.2087
TOI-1347 c,TOI-1347,1,2,2024,4.841962,,1.6,0.143,6.4,0.02014,0,,1000,,5464,0.83,0.91,0.04,[Fe/H],4.64,147.476,11.168,9.616,11.2087
TOI-1386 b,TOI-1386,1,2,2024,25.83839,0.1732,6.053,0.54,47.0386,0.148,0.061,34.68,676,G5V,5793,1.01,1.04,0.164,[Fe/H],4.44,146.858,10.61,9.086,10.5069
TOI-139 b,TOI-139,1,1,2023,11.07085,,2.457,0.219,,,,,561,,4570,0.7,0.69,-0.238,[m/H],4.71,42.4061,10.55,7.64,10.0772
TOI-1408 b,TOI-1408,1,1,2023,4.424711,0.05804,16.813,1.5,537.13001,1.69,0.259,,,,6306,1.27,1.33,7.79,[Fe/H],4.35,139.484,9.270001,8.078,9.18795
TOI-1411 b,TOI-1411,1,1,2022,1.4520358,0.023,1.36,0.121,,,,,1136,,4266,0.66,0.59,,,4.73,32.4778,10.51,7.25,9.87723
TOI-1416 b,TOI-1416,1,1,2023,1.0697568,0.019,1.62,0.145,3.48,0.01095,0,883,1517,G9 V,4884,0.79,0.8,0.08,[Fe/H],4.52,55.0135,9.91,7.708,9.65254
TOI-1420 b,TOI-1420,1,1,2023,6.9561063,0.071,11.89,1.061,25.1,0.07897,0.17,139,957,,5510,0.92,0.99,0.28,[Fe/H],4.5,201.918,11.655,10.119,11.738
TOI-1422 b,TOI-1422,1,1,2022,12.9972,0.108,3.96,0.353,9,0.02832,0.04,,867,G2 V,5840,1.02,0.98,-0.09,[Fe/H],4.41,155.141,10.622,9.19,10.5521
TOI-1431 b,TOI-1431,1,1,2021,2.650237,0.046,16.701,1.49,991.62463,3.12,0.0022,5300,2370,Am C,7690,1.92,1.9,0.09,[Fe/H],4.15,148.925,8.03,7.439,7.97561
TOI-1442 b,TOI-1442,1,1,2022,0.4090677,0.0071,1.17,0.104,,,,,1072,,3330,0.31,0.29,,,4.92,41.1659,15.39,10.089,13.7652
TOI-1444 b,TOI-1444,1,2,2021,0.4702694,,1.397,0.125,3.87,0.01218,0,,,,5430,0.91,0.93,0.13,[Fe/H],4.49,125.463,10.936,9.061,10.6417
TOI-1452 b,TOI-1452,2,1,2022,11.06201,0.061,1.672,0.149,4.82,0.01517,0,1.8,326,M4 &#177 0.5 V,3185,0.28,0.25,-0.07,[M/H],4.95,30.5212,14.354,9.74,13.6233
TOI-1468 b,TOI-1468,1,2,2022,1.8805136,,1.28,0.114,3.21,0.0101,,36,682,M3.0 V,3496,0.34,0.34,-0.04,[Fe/H],5,24.7399,12.5,8.497,12.1172
TOI-1468 c,TOI-1468,1,2,2022,15.532482,,2.064,0.184,6.64,0.02089,,2.15,338,M3.0 V,3496,0.34,0.34,-0.04,[Fe/H],5,24.7399,12.5,8.497,12.1172
TOI-1470 b,TOI-1470,1,2,2023,2.527093,0.0285,2.18,0.194,7.32,0.02303,0.3,46.3,734,M1.5 V,3709,0.47,0.47,0,[Fe/H],4.77,51.9503,13.459,9.283,12.5555
TOI-1470 c,TOI-1470,1,2,2023,18.08816,0.106,2.47,0.22,7.24,0.02278,0.5,3.35,373,M1.5 V,3709,0.47,0.47,0,[Fe/H],4.77,51.9503,13.459,9.283,12.5555
TOI-1478 b,TOI-1478,1,1,2021,10.180249,0.0903,11.882,1.06,270.47333,0.851,0.024,,918,,5597,1.05,0.95,0.078,[Fe/H],4.37,152.892,10.723,9.201,10.6624
TOI-150.01,TOI-150,1,1,2019,5.857487,0.07037,14.067,1.255,797.7533,2.51,0.262,,1404,F,6255,1.53,1.35,0.28,[Fe/H],4.13,336.267,11.39,9.94,11.3408
TOI-1516 b,TOI-1516,1,1,2022,2.056014,,15.244,1.36,1004.33777,3.16,,,,F8 V,6520,1.14,1.14,-0.05,[Fe/H],4.25,247.054,10.858,9.669,10.7156
TOI-157 b,TOI-157,1,1,2020,2.0845435,0.03138,14.415,1.286,375.0394,1.18,0,1062,1588,G9 IV,5404,1.17,0.95,0.24,[Fe/H],4.28,355.683,12.725,10.892,12.5143
TOI-1601 b,TOI-1601,1,1,2021,5.331751,0.06864,13.888,1.239,314.6517,0.99,0.036,,1619,,5948,2.19,1.52,0.329,[Fe/H],3.94,336.608,10.66,9.191,10.5276
TOI-163 b,TOI-163,1,1,2019,4.231306,0.058,16.69,1.489,387.7526,1.22,0,,1669,F,6495,1.65,1.44,0.22,[Fe/H],4.19,411.719,11.467,10.124,11.2193
TOI-1634 b,TOI-1634,2,2,2021,0.9893455,,1.773,0.158,7.57,0.02382,0,,,,3472,0.45,0.45,0.19,[Fe/H],4.79,35.2736,13.217,8.6,12.1965
TOI-1670 b,TOI-1670,1,2,2022,10.98462,0.103,2.06,0.184,41.31769,0.13,0.59,,1062,F7 V,6170,1.32,1.21,0.09,[Fe/H],4.29,168.067,9.889,8.724,9.81934
TOI-1670 c,TOI-1670,1,2,2022,40.74976,0.249,11.063,0.987,200.2319,0.63,0.09,,684,F7 V,6170,1.32,1.21,0.09,[Fe/H],4.29,168.067,9.889,8.724,9.81934
TOI-1680 b,TOI-1680,1,1,2023,4.8026345,0.03144,1.466,0.131,,,,4.41,404,M4.5+/-0.5,3225,0.21,0.18,0.04,[Fe/H],5.05,37.2209,15.87,10.821,14.6457
TOI-1685 b,TOI-1685,1,1,2021,0.6691406,,1.7,0.152,3.09,0.00972,0,,1069,M3.0 V,3434,0.49,0.49,-0.13,[Fe/H],4.85,37.6153,13.378,8.758,12.2956
TOI-169 b,TOI-169,1,1,2020,2.2554477,0.03524,12.173,1.086,251.40353,0.791,0,1443,1715,G1 V,5880,1.29,1.15,0.24,[Fe/H],4.28,407.84,12.355,10.815,12.2379
TOI-1693 b,TOI-1693,1,1,2022,1.7666957,0.0226,1.41,0.126,,,,,764,,3499,0.46,0.49,,,4.8,30.7947,12.962,8.331,11.8373
TOI-1694 b,TOI-1694,1,2,2023,3.77015,,5.44,0.485,26.1,0.08212,0,,,,5066.4,,0.84,0.12,[Fe/H],4.53,124.68,11.446,9.425,11.3103
TOI-1695 b,TOI-1695,1,1,2022,3.1342791,0.033548,1.9,0.17,6.36,0.02001,0.097,39,698,M1 V,3690,0.52,0.51,0,[Fe/H],4.72,45.1309,12.989,8.818,12.1364
TOI-1696 b,TOI-1696,1,1,2022,2.500311,0.0229,3.09,0.276,48.8,0.15354,,,489,M5V,3185,0.28,0.26,0.336,[Fe/H],4.96,64.9172,16.82,11.331,15.3314
TOI-1710 b,TOI-1710,1,1,2022,24.283429,0.16,5.34,0.476,28.3,0.08904,0.16,,,G5 V,5665,0.97,0.98,0.1,[Fe/H],4.46,81.2271,9.545,7.959,9.35983
TOI-172 b,TOI-172,1,1,2019,9.47725,0.0914,10.817,0.965,1722.6386,5.42,0.3806,299,1198,,5645,1.78,1.13,0.148,[Fe/H],3.99,342.831,11.299,9.722,11.1927
TOI-1728 b,TOI-1728,1,1,2020,3.49151,0.0391,5.05,0.451,26.78,0.08426,0.057,57.78,767,M0,3980,0.62,0.65,0.25,[Fe/H],4.66,60.798,12.39,8.803001,11.7294
TOI-1736 b,TOI-1736,1,2,2023,7.073088,0.074,2.44,0.223,12.8,0.04,0.21,,1076,,5807,1.15,1.08,0.138,[Fe/H],4.35,88.9482,8.953,7.283,8.77969
TOI-1749 b,TOI-1749,1,3,2021,2.38839,0.0291,1.39,0.124,57,0.17934,0.14,,831,M0 V,3985,0.55,0.58,-0.26,[Fe/H],4.7,99.5561,13.86,10.27,13.1798
TOI-1749 c,TOI-1749,1,3,2021,4.4929,0.0443,2.12,0.189,14,0.04405,0.019,,673,M0 V,3985,0.55,0.58,-0.26,[Fe/H],4.7,99.5561,13.86,10.27,13.1798
TOI-1749 d,TOI-1749,1,3,2021,9.0497,0.0707,2.52,0.225,15,0.0472,0.062,,533,M0 V,3985,0.55,0.58,-0.26,[Fe/H],4.7,99.5561,13.86,10.27,13.1798
TOI-1751 b,TOI-1751,1,1,2024,37.46849,0.2116,2.77,0.247,14.5,0.04562,0,,,,5996,1.2,0.9,-0.4,[Fe/H],4.24,113.335,9.327,7.934,9.18941
TOI-1759 b,TOI-1759,1,1,2022,18.85019,0.1177,3.14,0.28,10.8,0.03398,0,6.39,443,M0.0 V,4065,0.6,0.61,0.05,[Fe/H],4.65,40.0654,11.93,7.93,10.8385
TOI-178 b,TOI-178,1,6,2021,1.914558,0.02607,1.152,0.103,1.5,0.00472,,,1040,K,4316,0.65,0.65,-0.23,[Fe/H],4.45,62.699,11.955,8.656,11.1523
TOI-178 c,TOI-178,1,6,2021,3.23845,0.037,1.669,0.149,4.77,0.01501,,,873,K,4316,0.65,0.65,-0.23,[Fe/H],4.45,62.699,11.955,8.656,11.1523
TOI-178 d,TOI-178,1,6,2021,6.5577,0.0592,2.572,0.229,3.01,0.00947,,,690,K,4316,0.65,0.65,-0.23,[Fe/H],4.45,62.699,11.955,8.656,11.1523
TOI-178 e,TOI-178,1,6,2021,9.961881,0.0783,2.207,0.197,3.86,0.01214,,,600,K,4316,0.65,0.65,-0.23,[Fe/H],4.45,62.699,11.955,8.656,11.1523
TOI-178 g,TOI-178,1,6,2021,20.7095,0.1275,2.87,0.256,3.94,0.0124,,,470,K,4316,0.65,0.65,-0.23,[Fe/H],4.45,62.699,11.955,8.656,11.1523
TOI-1789 b,TOI-1789,1,1,2021,3.208664,0.04882,16.141,1.44,222.47988,0.7,,2300,1927,F,5991,2.17,1.51,0.373,[Fe/H],3.94,229.067,9.721,8.345,9.58439
TOI-1801 b,TOI-1801,2,1,2023,10.64387,,2.079,0.186,5.738,0.01805,0,,494,M0.5+/-0.5 V,3863,0.55,0.56,-0.19,[Fe/H],4.78,30.6796,11.58,7.805,10.8269
TOI-1807 b,TOI-1807,1,1,2021,0.549372,0.00812,1.258,0.112,,,,,2100,,4757,0.68,0.75,-0.029,[Fe/H],4.65,42.5775,10,7.568,9.67517
TOI-181 b,TOI-181,1,1,2023,4.532,0.0539,6.956,0.634,46.1687,0.1452,0.1543,102.43,895,K,4994,0.74,0.82,0.272,[m/H],4.61,96.2338,11.191,9.047,11.0857
TOI-1811 b,TOI-1811,1,1,2023,3.7130765,0.04389,11.142,0.994,308.92921,0.972,0.052,,962,,4766,0.77,0.82,0.306,[Fe/H],4.58,128.23,11.966,9.643,11.7574
TOI-1820 b,TOI-1820,1,1,2022,4.860674,0.061,12.778,1.14,731.00534,2.3,0.043,,1375,,5734,1.51,1.04,0.14,[Fe/H],4.24,248.504,10.899,9.508,10.9653
TOI-1842 b,TOI-1842,1,1,2021,9.5739,0.1001,11.657,1.04,68.01528,0.214,,,,,6230,2.02,1.46,0.22,[M/H],4.1,223.465,9.815,8.446,9.65981
TOI-1853 b,TOI-1853,1,1,2023,1.2436258,0.0213,3.46,0.309,73.2,0.23031,0.03,,1479,K2.5 V,4985,0.81,0.84,0.11,[Fe/H],4.49,165.105,12.178,10.055,11.9474
TOI-1859 b,TOI-1859,1,1,2023,63.48347,0.337,9.752,0.87,,,0.57,,,,6341,1.36,1.29,0.12,[M/H],4.29,224.385,10.33,9.243,10.2843
TOI-1860 b,TOI-1860,1,1,2022,1.0662107,0.0204,1.31,0.117,,,,,1885,G V,5752,0.94,0.99,0.04,[Fe/H],4.58,45.864,8.4,6.792,8.23223
TOI-1899 b,TOI-1899,1,1,2020,29.02,0.1587,12.89,1.15,209.7678,0.66,0.118,2.9,362,M0,3841,0.61,0.63,0.31,[Fe/H],4.67,128.438,14.88,10.509,13.5553
TOI-1937 A b,TOI-1937 A,2,1,2023,0.94667944,0.01932,13.978,1.247,638.8351,2.01,0,3230,2097,,5814,1.08,1.07,0.196,[Fe/H],4.4,415.135,13.18,11.226,13.0168
TOI-198 b,TOI-198,1,1,2023,10.2152,0.1,1.44,0.128,,,,,368,M0 V,3650,0.44,0.47,-0.7,[Fe/H],4.75,23.7262,11.688,7.856,10.9187
TOI-199 b,TOI-199,1,2,2023,104.854,0.4254,9.079,0.81,54.03083,0.17,0.09,,,G9 V,5255,0.82,0.94,0.22,[Fe/H],4.58,102.27,10.701,8.814,10.5784
TOI-2000 b,TOI-2000,1,2,2023,3.09833,0.04271,2.7,0.241,11,0.0347,0,628,1488,,5611,1.13,1.08,0.439,[Fe/H],4.36,175.713,10.984,9.303001,10.8542
TOI-2000 c,TOI-2000,1,2,2023,9.127055,0.0878,8.14,0.727,81.7,0.257,0.063,149,1038,,5611,1.13,1.08,0.439,[Fe/H],4.36,175.713,10.984,9.303001,10.8542
TOI-201 b,TOI-201,1,1,2021,52.97818,0.3,11.299,1.008,133.4886,0.42,0.28,,759,F6 V,6394,1.32,1.32,0.24,[Fe/H],4.32,113.825,9.07,7.846,8.94004
TOI-2010 b,TOI-2010,1,1,2023,141.834025,0.5516,11.814,1.054,408.72733,1.286,0.212,4.09,400,F0,5929,1.08,1.11,0.168,[Fe/H],4.42,109.19,9.849,8.281,9.69568
TOI-2018 b,TOI-2018,1,1,2023,7.435583,,2.268,0.202,9.2,0.02895,0,,,K V,4174,0.62,0.57,-0.58,[Fe/H],4.62,27.9956,10.25,7.104,9.71999
TOI-2025 b,TOI-2025,1,1,2022,8.8720982,0.0892,11.893,1.061,1144.18227,3.6,0.394,,1166,,5977,1.46,1.2,0.15,[Fe/H],4.19,335.985,11.599,10.01,11.3637
TOI-2046 b,TOI-2046,1,1,2022,1.4971842,,16.141,1.44,731.00534,2.3,,,,F8 V,6250,1.21,1.13,-0.06,[Fe/H],4.3,289.668,11.552,10.094,11.4128
TOI-2048 b,TOI-2048,1,1,2022,13.79019,,2.61,0.233,,,0.13,,,G V,5185,0.79,0.83,0.02,[m/H],,116.567,11.431,9.439,11.3252
TOI-206 b,TOI-206,1,1,2022,0.7363104,0.0112,1.3,0.116,,,,,910,,3383,0.35,0.35,,,4.89,47.7465,14.938,10.06,13.6662
TOI-2076 b,TOI-2076,1,3,2021,10.35509,0.0682,2.518,0.225,,,,84.06,797,,5200,0.77,0.82,-0.09,[Fe/H],4.45,41.9091,9.139,7.115,8.91028
TOI-2076 c,TOI-2076,1,3,2021,21.01538,0.1093,3.497,0.312,,,,32.7,630,,5200,0.77,0.82,-0.09,[Fe/H],4.45,41.9091,9.139,7.115,8.91028
TOI-2076 d,TOI-2076,1,3,2021,35.12537,0.1539,3.232,0.288,,,,16.5,530,,5200,0.77,0.82,-0.09,[Fe/H],4.45,41.9091,9.139,7.115,8.91028
TOI-2081 b,TOI-2081,1,1,2022,10.50534,0.0752,2.04,0.182,,,,8.1,488,M1.0,3800,0.53,0.54,-0.5,[Fe/H],4.5,62.3446,13.369,9.523,12.6594
TOI-2084 b,TOI-2084,2,1,2023,6.0784247,0.05006,2.47,0.22,,,,12.8,527,M2+/-0.5,3551,0.47,0.45,-0.13,[Fe/H],4.75,114.549,15.115,11.148,14.4096
TOI-2095 b,TOI-2095,1,2,2023,17.66484,0.101,1.25,0.112,4.1,0.0129,0,3.43,347,M2.5 V,3759,0.44,0.44,-0.24,[Fe/H],5.11,41.9176,13.19,8.988,12.094
TOI-2095 c,TOI-2095,1,2,2023,28.17232,0.137,1.33,0.119,7.4,0.02328,0,1.84,297,M2.5 V,3759,0.44,0.44,-0.24,[Fe/H],5.11,41.9176,13.19,8.988,12.094
TOI-2096 b,TOI-2096,1,2,2023,3.1190633,0.025,1.243,0.111,,,0.15,9.4,445,M4,3300,0.23,0.23,-0.03,[Fe/H],5.05,48.4809,15.92,11.021,14.7736
TOI-2096 c,TOI-2096,1,2,2023,6.38784,0.04,1.914,0.171,,,0.1,3.7,349,M4,3300,0.23,0.23,-0.03,[Fe/H],5.05,48.4809,15.92,11.021,14.7736
TOI-2109 b,TOI-2109,1,1,2021,0.67247414,0.01791,15.098,1.347,1595.4986,5.02,,,3646,F,6540,1.7,1.45,0.068,[Fe/H],4.14,262.041,10.217,9.07,10.1138
TOI-2134 b,TOI-2134,1,2,2023,9.2292005,0.078,2.69,0.24,9.13,0.02873,0.06,32,666,K5 V,4580,0.71,0.74,0.12,[Fe/H],4.8,22.6202,8.933,6.091,8.5077
TOI-2134 c,TOI-2134,1,2,2023,95.5,0.371,7.27,0.649,41.89,0.1318,0.67,1.4,306,K5 V,4580,0.71,0.74,0.12,[Fe/H],4.8,22.6202,8.933,6.091,8.5077
TOI-2136 b,TOI-2136,1,1,2022,7.851928,0.057,2.19,0.195,6.37,0.02004,0,4,395,M4.5 V,3342,0.34,0.34,0.03,[Fe/H],4.91,33.3631,14.32,9.343,12.9643
TOI-2141 b,TOI-2141,1,1,2023,18.26157,0.133,3.05,0.278,24,0.075,0.21,,722,,5659,0.98,0.94,-0.12,[Fe/H],4.42,77.682,9.46,7.87,9.34408
TOI-2145 b,TOI-2145,1,1,2023,10.26075,0.1108,11.982,1.069,1671.77742,5.26,0.208,,1484,,6177,2.75,1.72,0.247,[Fe/H],3.79,224.731,9.07,7.761,8.93651
TOI-2152 A b,TOI-2152,3,1,2023,3.3773512,0.05064,14.359,1.281,899.45439,2.83,0.057,,1802,F4 V,6630,1.61,1.52,0.282,[Fe/H],4.21,303.006,11.436,9.597,11.2407
TOI-2154 b,TOI-2154,1,1,2023,3.8240801,0.0513,16.287,1.453,292.40213,0.92,0.117,,1580,,6280,1.4,1.23,0.011,[Fe/H],4.24,296.46,11.068,9.85,11.0359
TOI-2158 b,TOI-2158,1,1,2022,8.60077,0.075,10.761,0.96,260.61929,0.82,0.07,,1188,,5673,1.41,1.12,0.47,[Fe/H],4.19,198.473,10.887,9.071,10.6718
TOI-216.01,TOI-216,1,2,2019,34.525528,,10.1,0.901,177.98391,0.56,0.0046,,,,,0.75,0.77,,,,177.945,12.324,10.218,12.1631
TOI-216.02,TOI-216,1,2,2019,17.16073,,8,0.714,18.75188,0.059,0.16,,,,,0.75,0.77,,,,177.945,12.324,10.218,12.1631
TOI-2180 b,TOI-2180,1,1,2022,260.79,0.828,11.321,1.01,875.61726,2.755,0.3683,2.71,348,G5,5695,1.64,1.11,0.253,[Fe/H],4.06,116.685,9.162,7.604,9.01133
TOI-2184 b,TOI-2184,1,1,2022,6.90683,,11.4,1.017,206.58846,0.65,0.08,1429,,,5966,2.9,1.53,0.14,[Fe/H],3.7,788.317,12.254,10.41,11.8482
TOI-2193 A b,TOI-2193 A,2,1,2022,2.1225735,0.03319,19.84,1.77,298.7587,0.94,0,1600,1763,,5966,1.25,1.08,0.027,[Fe/H],4.28,337.064,11.976,10.383,11.8135
TOI-2194 b,TOI-2194,1,1,2023,15.337597,,1.989,0.177,,,,,591,,4756,0.69,0.74,-0.372,[m/H],4.7,19.5711,8.42,5.869,8.06594
TOI-2196 b,TOI-2196,1,1,2022,1.1947268,0.02234,3.51,0.313,26,0.08181,0,2000,1860,G V,5634,1.04,1.03,0.14,[Fe/H],4.42,259.947,12.297,10.346,11.8259
TOI-220 b,TOI-220,1,1,2021,10.695264,0.08911,3.03,0.27,13.8,0.04342,0.032,,805,K0 V,5298,0.86,0.82,-0.217,[Fe/H],4.37,90.7402,10.466,8.542,10.1897
TOI-2202 b,TOI-2202,1,2,2021,11.9101,0.09564,11.321,1.01,310.83618,0.978,0.042,,,K8 V,5144,0.79,0.82,0.04,[Fe/H],4.55,235.933,13.004,10.8,12.7606
TOI-2207 b,TOI-2207,1,1,2022,8.001968,0.0854,11.153,0.995,203.41018,0.64,0.174,406,1259,,6101,1.56,1.3,0.181,[Fe/H],4.16,373.345,11.316,10.133,11.3545
TOI-2236 b,TOI-2236,1,1,2022,3.5315902,0.05009,14.37,1.282,502.16888,1.58,0,1356,1688,,6248,1.57,1.34,0.119,[Fe/H],4.17,355.59,11.6,9.96,11.2905
TOI-2257 b,TOI-2257,1,1,2021,35.189346,0.145,2.194,0.196,,,0.496,,256,M3,3430,0.31,0.33,-0.27,[Fe/H],4.97,57.7911,15.211,10.673,14.1615
TOI-2260 b,TOI-2260,1,1,2022,0.3524728,0.0097,1.62,0.145,,,,,2609,G V,5534,0.94,0.99,0.22,[Fe/H],4.62,101.251,10.474,8.684,10.2488
TOI-2266 b,TOI-2266,1,1,2024,2.326318,0.02,1.54,0.137,,,,13,550,M5.0+0.5-0.5,3200,0.24,0.23,,,,51.6004,16.54,11.017,14.8319
TOI-2285 b,TOI-2285,1,1,2021,27.26955,0.1363,1.74,0.155,19.5,0.06135,0.3,1.54,284,,3491,0.46,0.45,-0.05,[Fe/H],,42.409,13.403,9.034,12.4314
TOI-2337 b,TOI-2337,1,1,2022,2.99432,,10.088,0.9,508.52545,1.6,0.019,,,,4780,3.22,1.32,0.39,[Fe/H],3.5,536.046,12.524,9.678001,11.8752
TOI-2338 b,TOI-2338,1,1,2023,22.65398,0.158,11.209,1,1900.61387,5.98,0.676,,799,,5581,1.05,0.99,0.22,[Fe/H],4.4,313.996,12.483,10.664,12.1856
TOI-2364 b,TOI-2364,1,1,2023,4.0197517,0.04871,8.608,0.768,71.51139,0.225,0,237,1091,,5306,0.89,0.95,0.344,[Fe/H],4.52,219.614,12.234,10.363,12.0921
TOI-237 b,TOI-237,1,1,2020,5.436098,0.0341,1.44,0.128,,,0,3.7,388,M4.5 V,3212,0.21,0.18,,,5.04,38.0749,16.37,10.896,14.754
TOI-2373 b,TOI-2373,1,1,2023,13.33668,0.112,10.424,0.93,2955.80419,9.3,0.112,,860,,5651,1.1,1.04,0.3,[Fe/H],4.37,508.686,13.251,11.586,13.0711
TOI-238 b,TOI-238,1,2,2024,1.2730991,0.02118,1.402,0.125,3.4,0.0107,0.18,728,1311,K2V,5059,0.73,0.79,-0.114,[Fe/H],4.58,80.5407,10.748,8.598,10.4883
TOI-2406 b,TOI-2406,1,1,2021,3.0766896,0.0228,2.94,0.262,,,0.26,6.55,447,M4 V,3100,0.2,0.16,-0.38,[Fe/H],5.04,55.419,,11.894,15.6955
TOI-2411 b,TOI-2411,1,1,2022,0.7826942,0.0144,1.68,0.15,,,,,1355,,4099,0.68,0.65,,,4.59,59.5362,11.272,8.532,11.2198
TOI-2416 b,TOI-2416,1,1,2023,8.275479,0.0831,9.864,0.88,953.48522,3,0.32,,1080,,5808,1.24,1.12,0.32,[Fe/H],4.3,557.733,13.019,11.511,12.8909
TOI-2421 b,TOI-2421,1,1,2022,4.3474032,0.0543,10.368,0.925,105.83686,0.333,0,923.6,1534,,5607,1.75,1.13,0.19,[Fe/H],4,327.927,11.419,9.667,11.1554
TOI-2427 b,TOI-2427,1,1,2022,1.3060011,0.0202,1.8,0.161,,,,,1117,,4072,0.65,0.64,,,4.62,28.5147,10.295,7.048,9.81845
TOI-244 b,TOI-244,1,1,2023,7.397225,0.0559,1.52,0.136,2.68,0.00843,,7.3,458,M2.5 V,3433,0.43,0.43,-0.39,[Fe/H],4.66,22.0337,12.861,7.97,11.553
TOI-2443 b,TOI-2443,1,1,2023,15.669494,,2.773,0.247,,,,,601,,4357,0.73,0.66,-0.439,[m/H],4.71,23.9258,9.51,6.5,9.0333
TOI-2445 b,TOI-2445,1,1,2022,0.3711281,0.0064,1.25,0.112,,,,,1060,,3333,0.27,0.25,,,4.97,48.582,15.692,10.779,14.3977
TOI-2459 b,TOI-2459,1,1,2023,19.104718,,2.953,0.263,,,,,445,,4195,0.68,0.66,,,4.6,36.6113,10.772,7.574,10.1652
TOI-2497 b,TOI-2497,1,1,2023,10.655669,0.1166,11.142,0.994,1531.93292,4.82,0.195,,1595,,7360,2.36,1.86,0.094,[Fe/H],3.96,285.289,9.547,8.486,9.47244
TOI-2498 b,TOI-2498,1,1,2023,3.738252,0.0491,6.06,0.541,34.62,0.10893,0.089,,1443,,5905,1.26,1.12,0.167,[Fe/H],4.3,275.265,11.196,9.933,11.2677
TOI-251 b,TOI-251,1,1,2021,4.93777,0.05741,2.74,0.244,317.83,1,0,,,,5875,0.88,1.04,-0.106,[Fe/H],4.56,99.523,9.887,8.426,9.75411
TOI-2524 b,TOI-2524,1,1,2023,7.18585,0.073,11.209,1,203.41018,0.64,0,,1100,,5831,1.12,1.01,0.06,[Fe/H],4.34,438.842,12.8,11.198,12.6225
TOI-2525 b,TOI-2525,1,2,2023,23.2856,0.1511,8.676,0.774,26.69759,0.084,0.17,,,K8 V,5096,0.79,0.85,0.14,[Fe/H],4.58,395.398,14.216,11.905,14.012
TOI-2525 c,TOI-2525,1,2,2023,49.2519,0.249,10.133,0.904,208.81326,0.657,0.157,,,K8 V,5096,0.79,0.85,0.14,[Fe/H],4.58,395.398,14.216,11.905,14.012
TOI-2545 b,TOI-2545,1,1,2022,7.994037,,2.75,0.245,,,,,,,5846.29,1.25,1.05,-0.273,[M/H],4.27,107.118,9.521,8.06,9.2949
TOI-2567 b,TOI-2567,1,1,2022,5.983944,0.0672,10.929,0.975,63.88351,0.201,0,558,1352,,5611,1.69,1.13,0.241,[Fe/H],4.04,504.775,12.3,10.717,12.2213
TOI-257 b,TOI-257,1,1,2021,18.38818,0.1528,7.163,0.639,43.86032,0.138,0,186,1027,,6095,1.87,1.41,0.175,[Fe/H],4.04,76.9028,7.57,6.256,7.41653
TOI-2570 b,TOI-2570,1,1,2022,2.9887615,0.04145,13.641,1.217,260.61929,0.82,0,699,1431,,5771,1.09,1.06,0.191,[Fe/H],4.38,361.857,12.569,10.905,12.4599
TOI-2583 A b,TOI-2583 A,2,1,2023,4.5207265,0.0571,14.46,1.29,79.4571,0.25,0,750.9,1456,,5936,1.48,1.22,0.158,[Fe/H],4.18,566.189,12.586,11.245,12.4592
TOI-2587 A b,TOI-2587 A,2,1,2023,5.45664,0.0635,12.072,1.077,69.28659,0.218,0,728,1445,,5760,1.73,1.15,0.13,[Fe/H],4.02,373.675,11.544,9.991,11.4079
TOI-2589 b,TOI-2589,1,1,2023,61.6277,0.3,12.106,1.08,1112.39942,3.5,0.522,,592,,5579,1.07,0.93,0.12,[Fe/H],4.35,200.273,11.415,9.632,11.1958
TOI-262 b,TOI-262,1,1,2023,11.14529,0.163,2.07,0.185,,,,,584,K0 V,5310,0.85,0.91,0.26,[Fe/H],4.54,43.932,8.91,6.967,8.66859
TOI-2641 b,TOI-2641,1,1,2023,4.880974,0.0607,18.103,1.615,122.68177,0.386,0.18,602,1387,F9 V,6100,1.34,1.16,-0.15,[Fe/H],4.2,344.045,11.693,10.325,11.5712
TOI-2669 b,TOI-2669,1,1,2022,6.2034,,19.728,1.76,193.87533,0.61,0.09,,,,4800,4.1,1.19,0.1,[Fe/H],3.29,393.443,10.916,8.492,10.6019
TOI-269 b,TOI-269,1,1,2021,3.6977104,0.0345,2.77,0.247,8.8,0.02769,0.425,19,531,M2 V,3514,0.4,0.39,-0.29,[Fe/H],4.83,57.0225,14.37,10.1,13.4258
TOI-270 b,TOI-270,1,3,2019,3.3601538,0.03197,1.206,0.108,1.58,0.00497,0.034,,581,M,3506,0.38,0.39,-0.2,[Fe/H],4.87,22.4793,12.603,8.251,11.6306
TOI-270 c,TOI-270,1,3,2019,5.6605731,0.04526,2.355,0.21,6.15,0.01935,0.027,,488,M,3506,0.38,0.39,-0.2,[Fe/H],4.87,22.4793,12.603,8.251,11.6306
TOI-270 d,TOI-270,1,3,2019,11.379573,0.0721,2.133,0.19,4.78,0.01504,0.032,,387,M,3506,0.38,0.39,-0.2,[Fe/H],4.87,22.4793,12.603,8.251,11.6306
TOI-277 b,TOI-277,1,1,2022,3.994,0.0269,2.65,0.236,,,,,,,4031,0.36,0.16,-0.01,[Fe/H],4.58,64.6692,13.632,9.557,12.7896
TOI-2796 b,TOI-2796,1,1,2023,4.8084983,0.0569,17.262,1.54,139.8445,0.44,0,352,1205,,5764,1.07,1.06,0.239,[Fe/H],4.4,350.343,12.475,10.936,12.3642
TOI-2803 A b,TOI-2803 A,2,1,2023,1.96229325,0.03185,18.114,1.616,309.8827,0.975,0,2150,1893,,6280,1.25,1.12,-0.105,[Fe/H],4.3,494.818,12.537,11.282,12.4272
TOI-2818 b,TOI-2818,1,1,2023,4.039709,0.0493,15.278,1.363,225.65817,0.71,0,598,1376,,5721,1.23,0.98,-0.02,[Fe/H],4.25,312.674,11.937,10.403,11.8367
TOI-2842 b,TOI-2842,1,1,2023,3.5514058,0.0475,12.845,1.146,117.59651,0.37,0,781.8,1471,,5910,1.26,1.14,0.233,[Fe/H],4.29,460.995,12.59,11.062,12.4636
TOI-2977 b,TOI-2977,1,1,2023,2.3505614,0.03386,13.159,1.174,533.95172,1.68,0,947.8,1544,,5691,1.07,0.94,0.013,[Fe/H],4.35,,12.6334,10.666,12.4443
TOI-3023 b,TOI-3023,1,1,2023,3.9014971,0.0505,16.432,1.466,197.05361,0.62,0,1084,1596,,5760,1.67,1.12,0.085,[Fe/H],4.05,389.916,12.252,10.243,12.0336
TOI-3082 b,TOI-3082,1,1,2023,1.926907,,3.662,0.327,,,,,1033,,4263,0.68,0.66,0.17,[m/H],4.62,113.048,12.934,9.881,12.5313
TOI-3235 b,TOI-3235,1,1,2023,2.59261842,0.02709,11.4,1.017,211.35589,0.665,0.029,,604,M V,3388.8,0.37,0.39,0.264,[Fe/H],4.9,72.811,15.16,10.819,14.4858
TOI-332 b,TOI-332,1,1,2023,0.777038,0.0159,3.2,0.285,57.2,0.17997,0,,1871,K0 V,5251,0.87,0.88,0.256,[Fe/H],4.46,222.852,12.349,10.315,12.063
TOI-3331 A b,TOI-3331 A,2,1,2022,2.0180231,0.03144,12.98,1.158,721.47048,2.27,0,818.5,1488,,5609,0.95,1.02,0.148,[Fe/H],4.49,217.193,11.635,9.914,11.8314
TOI-3362 b,TOI-3362,1,1,2021,18.09547,0.153,12.801,1.142,1598.35906,5.029,0.815,,,,6532,1.83,1.45,0.017,[M/H],4.07,366.987,10.86,9.693,10.7051
TOI-3364 b,TOI-3364,1,1,2023,5.8768918,0.0675,12.229,1.091,530.77344,1.67,0,425,1264,,5706,1.42,1.19,0.387,[Fe/H],4.21,277.899,11.875,9.783,11.2945
TOI-3540 A b,TOI-3540 A,2,1,2022,3.119999,0.04289,23.539,2.1,375.03752,1.18,0,841.3,1498,,5810,1.23,1.08,0.176,[Fe/H],4.29,,11.514,9.784,11.4036
TOI-3629 b,TOI-3629,1,1,2022,3.936551,0.043,8.295,0.74,82.63539,0.26,0.05,39,690,M1,3870,0.6,0.63,0.4,[Fe/H],4.67,130.091,14.639,10.553,13.8375
TOI-3688 A b,TOI-3688 A,2,1,2023,3.246075,0.0456,13.081,1.167,311.47184,0.98,0,924.3,1534,,5950,1.3,1.2,0.262,[Fe/H],4.29,396.378,12.241,10.732,12.3686
TOI-3693 b,TOI-3693,1,1,2022,9.088516,0.0813,12.599,1.124,324.18498,1.02,0,68.6,801,,5321,0.79,0.87,0.071,[Fe/H],4.58,176.436,11.948,10.151,11.9579
TOI-3714 b,TOI-3714,2,1,2022,2.154849,0.027,11.321,1.01,222.47988,0.7,0.03,54,750,M2,3660,0.51,0.53,0.1,[Fe/H],4.75,112.71,15.7,10.852,14.3107
TOI-3757 b,TOI-3757,1,1,2022,3.438753,0.03845,12,1.071,85.3,0.26838,0.14,55.4,759,M0 V,3913,0.62,0.64,0,[Fe/H],4.68,181.139,14.812,11.152,14.1321
TOI-3785 b,TOI-3785,1,1,2023,4.6747373,0.043,5.14,0.459,14.95,0.04704,0.11,19.1,582,M2 V,3576,0.5,0.52,0.099,[Fe/H],4.75,79.7634,14.595,10.165,13.6559
TOI-3807 b,TOI-3807,1,1,2023,2.8989727,0.0421,18.495,1.65,330.54154,1.04,0,1230,1646,,5772,1.47,1.18,0.278,[Fe/H],4.17,421.745,11.856,10.617,12.0338
TOI-3819 b,TOI-3819,1,1,2023,3.2443141,0.04611,13.137,1.172,352.78953,1.11,0,1186,1633,,5859,1.54,1.24,0.273,[Fe/H],4.16,558.141,12.542,11.077,12.413
TOI-3884 b,TOI-3884,1,1,2022,4.5445697,0.0354,6,0.535,16.5,0.05191,0.32,7.42,463,M4,3269,0.3,0.28,0.23,[Fe/H],4.92,43.1448,15.744,10.24,14.2747
TOI-3912 b,TOI-3912,1,1,2023,3.4936264,0.0463,14.28,1.274,129.03833,0.406,0,872.2,1512,,5725,1.39,1.09,0.187,[Fe/H],4.19,465.992,12.507,10.922,12.3073
TOI-3976 A b,TOI-3976 A,2,1,2023,6.607662,0.0743,12.274,1.095,55.61997,0.175,0,469,1295,,5975,1.5,1.25,0.182,[Fe/H],4.18,516.087,12.403,11.048,12.2192
TOI-3984 A b,TOI-3984 A,2,1,2023,4.353326,0.041,7.9,0.71,44,0.14,0.23,16.7,563,M4+/-0.5,3476,0.47,0.49,0.18,[Fe/H],4.81,108.883,15.694,11.052,14.6718
TOI-4010 b,TOI-4010,1,4,2023,1.348335,0.0229,3.02,0.269,11,0.03461,0.03,714,1441,K V,4960,0.83,0.88,0.37,[Fe/H],4.54,177.504,12.291,10.157,12.1216
TOI-4010 c,TOI-4010,1,4,2023,5.414654,0.058,5.93,0.529,20.31,0.0639,0.03,112,907,K V,4960,0.83,0.88,0.37,[Fe/H],4.54,177.504,12.291,10.157,12.1216
TOI-4010 d,TOI-4010,1,4,2023,14.70886,0.113,6.18,0.551,38.15,0.12003,0.07,30,650,K V,4960,0.83,0.88,0.37,[Fe/H],4.54,177.504,12.291,10.157,12.1216
TOI-4087 b,TOI-4087,1,1,2023,3.1774835,0.04469,13.047,1.164,232.01474,0.73,0,753.9,1458,,6060,1.11,1.18,0.237,[Fe/H],4.42,301.676,12.107,10.436,11.7064
TOI-411 b,HD 22946,1,3,2022,4.040295,0.05727,1.362,0.122,13.71,0.04314,,495.14,1241,,6169,1.12,1.1,-0.08,[Fe/H],4.47,62.7792,8.270001,6.981,8.1281
TOI-411 c,HD 22946,1,3,2022,9.573083,0.1017,2.328,0.208,9.72,0.03058,,156.75,931,,6169,1.12,1.1,-0.08,[Fe/H],4.47,62.7792,8.270001,6.981,8.1281
TOI-4127 b,TOI-4127,1,1,2023,56.39879,0.3081,12.285,1.096,731.00534,2.3,0.7471,22.3,605,F V,6096,1.29,1.23,0.14,[Fe/H],4.26,319.632,11.441,10.245,11.4122
TOI-4137 b,TOI-4137,1,1,2022,3.8016122,0.05222,13.574,1.211,457.67291,1.44,0,1013,1570,,6202,1.44,1.31,0.182,[Fe/H],4.24,334.993,11.31,10.004,11.2468
TOI-4145 A b,TOI-4145 A,2,1,2023,4.0664428,0.04823,13.305,1.187,136.66622,0.43,0,223,1074,,5281,0.86,0.91,0.168,[Fe/H],4.53,205.387,12.084,10.286,12.0572
TOI-4184 b,TOI-4184,1,1,2023,4.9019804,0.0336,2.43,0.217,,,,4.8,412,M5.5+/-0.5,3238,0.23,0.21,-0.27,[Fe/H],5.01,69.3649,17.12,11.867,15.5939
TOI-4201 b,TOI-4201,1,1,2023,3.5819194,0.04,13.675,1.22,788.21445,2.48,0.041,45.2,725,M1.0+/-0.5,3794,0.63,0.61,0.52,[Fe/H],4.64,189.011,15.163,11.368,14.5001
TOI-421 b,TOI-421,2,2,2020,5.19672,0.056,2.68,0.239,7.17,0.02256,0.163,154.57,981,G9 V,5325,0.87,0.85,-0.02,[Fe/H],4.49,74.7969,9.931,8.071,9.77776
TOI-421 c,TOI-421,2,2,2020,16.06819,0.1189,5.09,0.454,16.42,0.05166,0.152,34.32,674,G9 V,5325,0.87,0.85,-0.02,[Fe/H],4.49,74.7969,9.931,8.071,9.77776
TOI-4308 b,TOI-4308,1,1,2023,9.151201,,2.419,0.216,,,,,763,,5243,0.79,0.9,,,4.59,108.932,11.251,9.139,10.8645
TOI-431 b,TOI-431,1,3,2021,0.490047,0.0113,1.28,0.114,3.07,0.00966,0,,1862,,4850,0.73,0.78,0.2,[Fe/H],4.6,32.5686,9.12,6.723,8.79171
TOI-431 c,TOI-431,1,3,2021,4.8494,0.052,,,2.83,0.0089,0,,867,,4850,0.73,0.78,0.2,[Fe/H],4.6,32.5686,9.12,6.723,8.79171
TOI-431 d,TOI-431,1,3,2021,12.46103,0.098,3.29,0.294,9.9,0.03115,0,,633,,4850,0.73,0.78,0.2,[Fe/H],4.6,32.5686,9.12,6.723,8.79171
TOI-4329 b,TOI-4329,1,1,2022,2.9223,,16.813,1.5,143.02278,0.45,0.068,,,,6000,2.31,1.54,0.29,[Fe/H],3.9,717.128,12.724,10.63,12.4747
TOI-4342 b,TOI-4342,1,2,2023,5.5382498,0.05251,2.266,0.202,,,,26.9,634,M0 V,3901,0.6,0.63,,,4.69,61.5204,12.669,9.018,11.9822
TOI-4342 c,TOI-4342,1,2,2023,10.688716,0.0814,2.415,0.215,,,,11.18,509,M0 V,3901,0.6,0.63,,,4.69,61.5204,12.669,9.018,11.9822
TOI-4377 b,TOI-4377,1,1,2023,4.378081,0.0579,15.11,1.348,304.16179,0.957,0.045,,,,4974,3.52,1.36,0.205,[Fe/H],3.39,455.82,11.707,9.148,11.4565
TOI-4406 b,TOI-4406,1,1,2023,30.08364,0.201,11.209,1,95.34852,0.3,0.15,,904,,6219,1.29,1.19,0.1,[Fe/H],4.29,261.834,10.937,9.73,10.9545
TOI-444 b,TOI-444,1,1,2023,17.9636,0.133,2.77,0.247,,,,,609,K1/2 V,5225,0.78,0.96,0.08,[Fe/H],4.64,57.3973,9.86,7.832,9.6063
TOI-4463 A b,TOI-4463 A,2,1,2023,2.8807198,0.04036,13.26,1.183,252.35576,0.794,0,633,1395,,5640,1.06,1.06,0.25,[Fe/H],4.41,173.117,11.036,9.402,10.9505
TOI-4479 b,TOI-4479,1,1,2022,1.1589,0.0164,2.82,0.252,,,,92.5,861,M3.0,3400,0.45,0.45,0,[Fe/H],4.5,80.6532,15.18,10.647,14.1309
TOI-451 b,TOI-451,2,3,2020,1.858703,0.0283,1.91,0.17,,,0,,1491,,5550,0.88,0.95,,,,123.739,10.939,9.19,10.7498
TOI-451 c,TOI-451,2,3,2020,9.192522,0.0823,3.1,0.277,,,0,,875,,5550,0.88,0.95,,,,123.739,10.939,9.19,10.7498
TOI-451 d,TOI-451,2,3,2020,16.364988,0.1208,4.07,0.363,,,0,,722,,5550,0.88,0.95,,,,123.739,10.939,9.19,10.7498
TOI-4551 b,TOI-4551,1,1,2023,9.95581,0.0994,11.859,1.058,473.56433,1.49,0.101,,,,4896,3.55,1.31,0.23,[Fe/H],3.48,215.986,9.973,7.524,9.641
TOI-4562 b,TOI-4562,1,1,2023,225.11781,0.768,12.53,1.118,732,2.3,0.76,,318,F7 V,6096,1.15,1.19,0.08,[M/H],4.39,339.605,12.14,10.619,11.9551
TOI-4582 b,TOI-4582,1,1,2023,31.034,,10.536,0.94,168.44906,0.53,0.51,,,,5190,2.5,1.34,0.17,[Fe/H],3.77,383.846,11.27,9.329001,11.0809
TOI-4600 b,TOI-4600,1,2,2023,82.6869,0.349,6.8,0.607,959.84179,3.02,0.25,,347,K V,5170,0.81,0.89,0.16,[Fe/H],4.57,216.056,12.577,10.571,12.4406
TOI-4600 c,TOI-4600,1,2,2023,482.8191,1.152,9.42,0.841,2946.26933,9.27,0.21,,191,K V,5170,0.81,0.89,0.16,[Fe/H],4.57,216.056,12.577,10.571,12.4406
TOI-4603 b,TOI-4603,1,1,2023,7.24599,0.0888,11.68,1.042,4096.80817,12.89,0.325,1192,1677,F,6264,2.74,1.76,0.342,[Fe/H],3.81,225.643,9.24,7.786,9.07469
TOI-4641 b,TOI-4641,1,1,2023,22.09341,0.173,8.183,0.73,1229.99594,3.87,0.074,,,,6560,1.72,1.41,-0.09,[m/H],4.11,86.3501,7.51,6.579,7.40775
TOI-470 b,TOI-470,1,1,2023,12.19148,0.119,4.34,0.387,,,,,660,G,5190,0.83,0.87,0.1,[Fe/H],4.54,130.46,11.171,9.422,11.2461
TOI-4791 b,TOI-4791,1,1,2023,4.28088,0.0555,12.442,1.11,734.18362,2.31,0,783.2,1472,,6058,1.41,1.24,0.207,[Fe/H],4.23,328.802,11.541,10.019,11.3152
TOI-481 b,TOI-481,1,1,2020,10.33111,0.097,11.097,0.99,486.2799,1.53,0.153,,1370,G,5735,1.66,1.14,0.26,[Fe/H],4.06,179.366,9.972,8.443,9.84659
TOI-4860 b,TOI-4860,1,1,2023,1.5227591,0.01808,8.7,0.77,86.7,0.273,0.008,42.5,694,M3.5 V,3260,0.36,0.34,0.27,[Fe/H],4.86,80.1423,16.47,11.175,15.1091
TOI-500 b,TOI-500,1,4,2022,0.548177,0.01189,1.166,0.104,1.42,0.00447,0.063,1138,1617,K6 V,4440,0.68,0.74,0.12,[Fe/H],4.62,47.3924,10.54,7.715,10.1026
TOI-5126 b,TOI-5126,1,2,2023,5.4588385,0.06519,4.74,0.423,,,0,467,1442,F V,6150,1.24,1.24,0.18,[Fe/H],4.22,160.414,10.141,8.777,9.93629
TOI-5126 c,TOI-5126,1,2,2023,17.8999,0.1439,3.86,0.344,,,0,96,971,F V,6150,1.24,1.24,0.18,[Fe/H],4.22,160.414,10.141,8.777,9.93629
TOI-5153 b,TOI-5153,1,1,2022,20.33003,0.158,11.882,1.06,1036.12061,3.26,0.091,,906,F8 V,6300,1.4,1.24,0.12,[Fe/H],4.3,390.484,11.932,10.408,11.5779
TOI-5174 b,TOI-5174,1,1,2022,12.214286,,5.351,0.477,,,,,,,5643.77,1.09,1,0.415,[M/H],4.36,197.243,11.583,9.6,11.1031
TOI-519 b,TOI-519,1,1,2021,1.2652328,0.0159,11.545,1.03,147.15455,0.463,0.33,,687,M V,3322,0.35,0.34,0.27,[Fe/H],4.87,115.557,17.35,11.951,15.7067
TOI-5205 b,TOI-5205,1,1,2023,1.630757,0.0199,11.6,1.03,343,1.08,0.02,49,737,M4.0,3430,0.39,0.39,0,[Fe/H],4.84,86.4493,15.899,11.006,14.9317
TOI-5238 b,TOI-5238,1,1,2022,4.872171,,5.22,0.466,,,,,,,5631,1.02,1,,,4.42,290.646,12.214,10.627,12.0984
TOI-5293 A b,TOI-5293 A,2,1,2023,2.930289,0.034,11.9,1.06,170.4,0.54,0.38,34.6,675,M3+/-1,3586,0.52,0.54,-0.03,[Fe/H],4.77,162.229,16.19,11.639,14.9816
TOI-530 b,TOI-530,1,1,2021,6.387597,0.052,9.303,0.83,127.13136,0.4,0,,565,M0.5 V,3659,0.54,0.53,0.376,[Fe/H],4.7,148.762,15.403,11.238,14.6439
TOI-532 b,TOI-532,1,1,2021,2.3266508,0.0296,5.82,0.519,61.5,0.1935,0,94.1,867,,3927,0.61,0.64,0.338,[Fe/H],4.67,135.047,14.413,10.587,13.6645
TOI-5344 b,TOI-5344,1,1,2023,3.792622,0.04041,10.604,0.946,130.9453,0.412,0.054,38,689,,3747,0.59,0.61,0.425,[Fe/H],4.69,138.367,15.402,10.86,14.3361
TOI-5398 b,TOI-5398,1,2,2022,10.590547,0.098,10.3,0.919,58.7,0.18469,0.13,,947,G V,6000,1.05,1.15,0.09,[Fe/H],4.44,130.855,10.059,8.713,9.98233
TOI-5398 c,TOI-5398,1,2,2023,4.77271,0.057,3.52,0.314,11.8,0.03713,0.14,,1242,G V,6000,1.05,1.15,0.09,[Fe/H],4.44,130.855,10.059,8.713,9.98233
TOI-540 b,TOI-540,1,1,2020,1.2391491,0.01223,0.903,0.081,,,0,23.4,611,M V,3216,0.19,0.16,,,,14.0022,14.823,8.9,12.8938
TOI-544 b,TOI-544,1,2,2022,1.548352,0.0225,2.018,0.18,2.89,0.00909,0,,999,,4169,0.62,0.63,-0.17,[Fe/H],4.68,41.1166,10.777,7.8,10.4143
TOI-5542 b,TOI-5542,1,1,2022,75.12375,0.332,11.31,1.009,419.5335,1.32,0.018,9.6,441,G3 V,5700,1.06,0.89,-0.21,[Fe/H],4.2,348.849,12.42,10.897,12.2819
TOI-558 b,TOI-558,1,1,2021,14.574071,0.1291,12.173,1.086,1147.36055,3.61,0.298,,1061,F V,6466,1.5,1.35,-0.004,[Fe/H],4.22,402.63,11.233,10.262,11.3253
TOI-559 b,TOI-559,1,1,2021,6.9839095,0.0723,12.229,1.091,1910.14873,6.01,0.151,,1180,G V,5925,1.23,1.03,-0.069,[Fe/H],4.27,233.266,11.091,9.638,10.9777
TOI-561 b,TOI-561,1,4,2020,0.4465688,0.0106,1.425,0.127,2,0.00629,0,4745,2310,G9 V,5372,0.84,0.81,-0.4,[Fe/H],4.5,85.799,10.252,8.394,10.0128
TOI-561 c,TOI-561,1,4,2020,10.778831,0.0884,2.91,0.26,5.39,0.01696,0.03,68.2,800,G9 V,5372,0.84,0.81,-0.4,[Fe/H],4.5,85.799,10.252,8.394,10.0128
TOI-561 d,TOI-561,1,4,2020,25.7124,0.158,2.82,0.252,13.2,0.04153,0.122,21.4,598,G9 V,5372,0.84,0.81,-0.4,[Fe/H],4.5,85.799,10.252,8.394,10.0128
TOI-561 e,TOI-561,1,4,2020,77.03,0.328,2.55,0.227,12.6,0.03964,0.079,4.96,415,G9 V,5372,0.84,0.81,-0.4,[Fe/H],4.5,85.799,10.252,8.394,10.0128
TOI-564 b,TOI-564,1,1,2020,1.651144,0.02734,11.433,1.02,464.98529,1.463,0.072,1423,1714,,5640,1.09,1,0.143,[Fe/H],4.36,199.581,11.097,9.604,11.1424
TOI-5678 b,TOI-5678,1,1,2023,47.73022,0.249,4.91,0.438,20,0.06293,0.14,,513,G7 V,5485,0.94,0.91,0,[Fe/H],4.34,165.393,11.438,9.563,11.1483
TOI-5704 b,TOI-5704,1,1,2023,3.771116,,3.227,0.288,,,,,949,,4590,0.76,0.73,0.428,[Fe/H],4.54,89.637,11.529,9.021,11.2746
TOI-5803 b,TOI-5803,1,1,2023,5.38305,,3.273,0.292,,,,,679,,5134,0.76,0.87,,,4.61,84.0126,10.655,8.684,10.4782
TOI-615 b,TOI-615,1,1,2023,4.6615983,0.0678,18.977,1.693,138.25536,0.435,0.39,1286,1666,F2 V,6850,1.73,1.45,-0.1,[Fe/H],4.2,360.408,10.825,9.669,10.5775
TOI-620 b,TOI-620,1,1,2022,5.0988179,0.04825,3.76,0.335,,,0.22,20.8,604,M2.5 V,3708,0.55,0.58,0.35,[Fe/H],4.72,33.0231,12.262,7.954,11.3104
TOI-622 b,TOI-622,1,1,2023,6.402513,0.0708,9.236,0.824,96.30201,0.303,0.42,602,1388,F6 V,6400,1.42,1.31,0.09,[Fe/H],4.2,123.297,8.995,7.858,8.89103
TOI-628 b,TOI-628,1,1,2021,3.4095675,0.0486,11.882,1.06,2011.8639,6.33,0.072,,1586,,6250,1.34,1.31,0.258,[Fe/H],4.3,178.68,10.112,8.811,10.0579
TOI-640 b,TOI-640,1,1,2021,5.0037775,0.06608,19.851,1.771,279.6904,0.88,0.05,,1749,,6460,2.08,1.54,0.072,[Fe/H],3.99,341.997,10.51,9.243,10.4006
TOI-672 b,TOI-672,1,1,2023,3.633575,,5.26,0.469,,,,,676,,3765,0.54,0.54,-0.71,[Fe/H],4.7,66.9071,13.576,9.507,12.7364
TOI-674 b,TOI-674,1,1,2021,1.977143,0.025,5.25,0.468,23.6,0.07425,0,38.4,635,M2 V,3514,0.42,0.42,0.17,[Fe/H],4.81,46.0851,14.203,9.469,13.0914
TOI-677 b,TOI-677,1,1,2020,11.2366,0.1038,13.115,1.17,392.83788,1.236,0.435,,1252,F8,6295,1.28,1.18,0,[Fe/H],4.29,141.812,9.822,8.429,9.66082
TOI-700 b,TOI-700,1,4,2020,9.977219,0.0677,0.914,0.082,,,0.075,4.98,,M2.5 V,3459,0.42,0.41,-0.07,[Fe/H],4.81,31.1265,13.151,8.634,12.0665
TOI-700 c,TOI-700,1,4,2020,16.051137,0.0929,2.6,0.232,,,0.068,2.64,,M2.5 V,3459,0.42,0.41,-0.07,[Fe/H],4.81,31.1265,13.151,8.634,12.0665
TOI-700 d,TOI-700,1,4,2020,37.42396,0.1633,1.073,0.096,,,0.042,0.85,,M2.5 V,3459,0.42,0.41,-0.07,[Fe/H],4.81,31.1265,13.151,8.634,12.0665
TOI-700 e,TOI-700,1,4,2023,27.80978,0.134,0.953,0.085,,,0.059,1.27,,M2.5 V,3459,0.42,0.41,-0.07,[Fe/H],4.81,31.1265,13.151,8.634,12.0665
TOI-712 b,TOI-712,1,3,2022,9.531361,0.07928,2.049,0.183,,,0.54,22.6,650,K4.5 V,4622,0.67,0.73,-0.02,[Fe/H],4.64,58.6212,10.838,8.313,10.5785
TOI-712 c,TOI-712,1,3,2022,51.69906,0.2447,2.701,0.241,,,0.089,3.08,370,K4.5 V,4622,0.67,0.73,-0.02,[Fe/H],4.64,58.6212,10.838,8.313,10.5785
TOI-712 d,TOI-712,1,3,2022,84.8396,0.3405,2.474,0.221,,,0.073,1.6,314,K4.5 V,4622,0.67,0.73,-0.02,[Fe/H],4.64,58.6212,10.838,8.313,10.5785
TOI-715 b,TOI-715,1,1,2023,19.288004,0.083,1.55,0.138,,,,0.67,234,M4,3075,0.24,0.23,-0.25,[Fe/H],5,42.4048,16.683,10.917,14.894
TOI-733 b,TOI-733,1,1,2023,4.884765,0.0618,1.992,0.178,5.72,0.018,0.046,207.1,1056,G,5585,0.95,0.96,-0.04,[Fe/H],4.47,75.2092,9.44,7.845,9.28881
TOI-763 b,TOI-763,1,2,2020,5.6057,0.06,2.28,0.203,9.79,0.0308,0.04,,1038,G,5450,0.9,0.92,0.01,[Fe/H],4.45,95.1274,10.265,8.49,9.99915
TOI-763 c,TOI-763,1,2,2020,12.2737,0.1011,2.63,0.235,9.32,0.02932,0.04,,800,G,5450,0.9,0.92,0.01,[Fe/H],4.45,95.1274,10.265,8.49,9.99915
TOI-776 b,TOI-776,1,2,2020,8.24661,0.0652,1.85,0.165,4,0.01259,0.06,11.5,514,M1 V,3709,0.54,0.54,-0.2,[Fe/H],4.73,27.1701,11.536,7.615,10.7409
TOI-776 c,TOI-776,1,2,2020,15.6653,0.1,2.02,0.18,5.3,0.01668,0.04,4.9,415,M1 V,3709,0.54,0.54,-0.2,[Fe/H],4.73,27.1701,11.536,7.615,10.7409
TOI-778 b,TOI-778,1,1,2023,4.633611,0.06,15.4,1.37,878,2.8,0.21,,1561,F3 V,6643,1.71,1.4,0,[m/H],4.05,161.743,9.109,8.055,8.99436
TOI-784 b,HD 307842,1,1,2023,2.7970365,0.038,1.93,0.172,9.67,0.03043,0,,,G,5558,0.91,0.91,-0.13,[Fe/H],4.48,64.5997,9.412,7.64,9.23501
TOI-813 b,TOI-813,1,1,2020,83.8911,0.423,6.71,0.599,,,0,23.1,610,G0 IV,5907,1.94,1.32,0.1,[Fe/H],3.86,263.145,10.358,9.029,10.2352
TOI-824 b,TOI-824,1,1,2020,1.392978,0.02177,2.926,0.261,18.467,0.0581,,412,1253,K4 V,4600,0.69,0.71,-0.092,[Fe/H],4.61,63.9262,11.314,8.432,10.7616
TOI-833 b,TOI-833,1,1,2022,1.0418777,0.0171,1.27,0.113,,,,,1118,,3920,0.6,0.61,,,4.67,41.7148,11.724,8.146,11.075
TOI-836 b,TOI-836,1,2,2023,3.81673,0.0422,1.704,0.152,4.53,0.01425,0.053,78.84,871,K V,4552,0.67,0.68,-0.284,[Fe/H],4.74,27.5024,9.92,6.804,9.40475
TOI-836 c,TOI-836,1,2,2023,8.59545,0.075,2.587,0.231,9.6,0.0302,0.078,26.71,665,K V,4552,0.67,0.68,-0.284,[Fe/H],4.74,27.5024,9.92,6.804,9.40475
TOI-837 b,TOI-837,1,1,2020,8.3248762,,8.631,0.77,381.396,1.2,0,,,G0/F9 V,6047,1.02,1.12,-0.069,[Fe/H[,4.47,142.488,10.635,8.933,10.356
TOI-849 b,TOI-849,1,1,2020,0.76552414,0.01598,3.444,0.307,39.09,0.12299,0,,,G,5373.8,0.92,0.93,0.19,[Fe/H],4.48,225.734,11.981,10.418,12.0645
TOI-858 B b,TOI-858 B,2,1,2023,3.2797178,0.04435,14.067,1.255,349.61125,1.1,0.15,908.9,1529,G0,5842,1.31,1.08,0.153,[Fe/H],4.24,250.489,11.183,9.722,11.0695
TOI-892 b,TOI-892,1,1,2020,10.62656,0.092,11.994,1.07,301.9385,0.95,0.125,,1397,F,6261,1.39,1.28,0.24,[Fe/H],4.26,340.543,11.43,10.106,11.3435
TOI-904 b,TOI-904,1,2,2023,10.8772,0.056,2.426,0.216,,,,,429,,3770.2,0.53,0.56,0.022,[Fe/H],,46.0891,12.588,8.766,11.8559
TOI-904 c,TOI-904,1,2,2023,83.9997,0.312,2.167,0.193,,,,,217,,3770.2,0.53,0.56,0.022,[Fe/H],,46.0891,12.588,8.766,11.8559
TOI-905 b,TOI-905,1,1,2020,3.739494,0.04666,13.126,1.171,211.99261,0.667,0.024,337,1192,,5570,0.92,0.97,0.14,[Fe/H],4.5,158.649,11.08,9.448,11.0813
TOI-908 b,TOI-908,1,1,2023,3.183792,0.041657,3.186,0.284,16.137,0.05077,0.132,80.88,1317,G V,5626,1.03,0.95,0.08,[Fe/H],4.45,175.748,11.316,9.637,11.1061
TOI-913 b,TOI-913,1,1,2023,11.098644,,2.453,0.219,,,,,712,,4969,0.73,0.82,-0.133,[Fe/H],4.62,65.1769,10.452,8.273,10.1919
TOI-942 b,TOI-942,3,2,2020,4.32421,0.04866,3.89,0.347,,,0.34,,,,,0.89,0.82,,,,152.601,11.982,9.639,11.6346
TOI-942 c,TOI-942,3,2,2020,10.156272,0.08598,4.67,0.417,,,0.32,,,,,0.89,0.82,,,,152.601,11.982,9.639,11.6346
TOI-954 b,TOI-954,1,1,2020,3.6849729,0.04963,9.55,0.852,55.30242,0.174,0.14,1393,1526,,5710,1.89,1.2,0.215,[Fe/H],3.96,238.768,10.343,8.779,10.2321
TOI-969 b,TOI-969,1,2,2022,1.8237305,0.02636,2.765,0.247,9.1,0.02863,,188,941,K V,4435,0.67,0.73,0.175,[Fe/H],4.55,77.2554,11.646,8.879,11.2667
WASP-126 c,WASP-126,1,2,2019,7.63,,,,64.2,0.20199,0.05,,,,5800,1.27,1.12,,,,216.526,10.994,9.598,11.0665
WASP-132 c,WASP-132,1,2,2022,1.011534,0.0182,1.85,0.165,37.35,0.11752,0.13,,,K4,4714,0.75,0.78,0.18,[Fe/H],4.58,122.91,11.938,9.674,11.7538
WASP-18 c,WASP-18,2,2,2019,2.1558,0.035,,,55.2,0.17368,0.015,,,,6400,1.23,1.22,,,,123.483,9.28,8.131,9.16617
WASP-84 c,WASP-84,1,2,2023,1.4468849,0.02359,1.95,0.174,15.2,0.048,,,1329,K0,,0.77,0.85,,,,100.588,10.825,8.855,10.5745
WD 1856+534 b,WD 1856+534,3,1,2020,1.4079405,0.0204,10.4,0.928,4386.054,13.8,0,0.18,163,,4710,0.01,0.52,,,7.92,24.7359,17.244,15.548,16.958
Wolf 327 b,Wolf 327,1,1,2024,0.5734745,0.01,1.24,0.111,2.53,0.00796,0,233.9,996,M2.5 V,3542,0.41,0.41,-0.17,[Fe/H],4.87,28.5321,13.018,8.435,11.9522
pi Men c,HD 39091,1,3,2018,6.26791,0.069,,,3.49611,0.011,0.077,,,,,,1.1,,,,18.2702,5.65,4.241,5.5128
