pl_name,pl_orbper,pl_orbsmax,pl_Erad,pl_Emass,pl_orbeccen,pl_insol,eq_temp,pl_inclin,pl_albedo,star_spect,st_teff,st_rad,st_mass,Probability,ESI
HD 63433 d,4.209075,0.05094384,1.073,1.25,0.16,408351.6416,1055.276,88.73,0.3,G5,5688.0,0.91,0.99,54.17538706439219,29.714636
LP 791-18 d,2.753436,0.019920022,1.032,0.9,0.0015,7887.887935999999,395.32564,89.34,0.3,M(,2960.0,0.18,0.14,68.19962858851027,50.07441299999999
TOI-700 b,9.977219,0.067890406,0.914,0.704,0.075,6816.892968,380.76101,89.6,0.3,M2,3459.0,0.42,0.42,66.85618707148849,52.704018
TOI-700 e,27.80978,0.13423323,0.953,0.818,0.059,1738.1470479999998,270.67786,89.6,0.3,M2,3459.0,0.42,0.42,90.33028275836074,91.203186
GJ 1252 b,0.5182331,0.00915,1.193,1.32,0.0,318197.4728,996.29778,85.0,0.3,M3,3458.0,0.39,0.38,66.306383765169,29.615550000000002
TOI-700 d,37.42396,0.16344403,1.073,1.25,0.042,1169.3645568,245.2216,89.8,0.3,M2,3459.0,0.42,0.42,74.95561351393896,94.117592
EPIC 201833600 c,3.96151,0.04154576,1.0,0.972,nan,105313.8508,755.67726,nan,0.3,K6,4292.67,0.63,0.61,59.4191699752498,31.092323999999998
EPIC 206215704 b,2.255436,0.02499911,1.0,0.972,nan,17770.097279999998,484.32561,89.9,0.3,M5,3297.0,0.25,0.41,67.9850483256217,39.343273
EPIC 201754305 d,2.71578,0.033327104,1.03,1.08,nan,212296.93839999998,900.432,nan,0.3,K3,4761.0,0.54,0.67,58.206590400710986,30.181698
EPIC 201841433 b,4.1698,0.035,1.04,1.12,nan,257278.0952,944.74736,89.001,0.3,K1,5053.0,0.63,0.8,56.933372958407425,30.019225
Kepler-20 f,19.578328,0.13931278,0.952,1.4,0.094,48563.86328,621.68598,88.788,0.25,G7,5495.0,0.92,0.93,51.930357646608655,33.119243999999995
K2-239 b,5.24,0.0441,1.1,1.37,nan,11185.662992,431.40027,88.99,0.3,M3,3420.0,0.36,0.4,67.88800454223805,44.517693
EPIC 206032309 b,2.87814,0.023899662,1.01,1.01,nan,44335.88576,608.70074,nan,0.3,M3,3489.0,0.37,0.22,66.89129878236828,33.497372
Teegarden's Star b,4.90634,0.025911655,1.05,1.16,0.03,1466.00316,259.52272,nan,0.3,M7,3034.0,0.12,0.1,97.18784749016226,96.836238
Teegarden's Star c,11.416,0.0455364,1.02,1.05,0.04,475.1862168,195.79453,nan,0.3,M7,3034.0,0.12,0.1,68.84641353642284,65.90047799999999
Teegarden's Star d,26.13,0.079293795,0.954,0.82,0.07,157.4898496,148.46644,nan,0.3,M7,3034.0,0.12,0.1,68.45808728546729,43.941754
Kepler-303 b,1.937055,0.024,0.89,0.64,0.0,202822.63439999998,890.21332,89.41,0.3,M0,3944.0,0.48,0.57,60.849438053766946,30.110016
Kepler-197 e,25.209715,0.1758408,0.91,0.693,0.38,91141.4268,708.10456,87.69,0.3,G0,6004.0,1.12,0.86,53.357197869297266,31.287736
EPIC 201757695.02,2.0478,0.0296,0.908,0.688,0.0,671360.0424,1200.7535,89.276,0.3,K4,4520.0,0.66,0.73,53.862799364112625,29.492741
Kepler-392 b,5.341853,0.059,1.0,0.972,0.0,612117.6264000001,1173.3395,89.65,0.3,G1,5938.0,1.13,1.07,53.74510299168085,29.602836
Kepler-353 b,5.795278,0.051,0.89,0.64,0.0,33993.708640000004,569.59297,87.11,0.3,K9,3903.0,0.5,0.55,62.970914344979136,34.599959000000005
Kepler-1470 b,16.29509,0.116,1.07,1.24,0.0,33008.28256,565.41941,89.05,0.3,K2,4961.0,0.76,0.8,56.36783232851112,34.841668999999996
Kepler-1594 b,2.7160381,0.0396,1.06,1.2,0.0,867258.4408,1280.1242,87.67,0.3,G1,5946.0,1.08,1.06,54.031710437769405,29.480666
Kepler-342 e,1.6442246,0.0293,0.88,0.615,0.0,4495765.736,1931.5942,58.94,0.3,F7,6366.0,1.34,1.26,48.22898426594315,29.188104
Kepler-1990 c,4.0684496,0.0504,0.98,0.904,0.0,700935.1464000001,1213.7645,86.61,0.3,G3,5751.0,1.07,1.03,53.66079517190444,29.559565
Kepler-1482 b,12.253832,0.1016,1.01,1.01,0.0,108830.71696,761.90856,89.3,0.3,G9,5381.0,0.84,0.88,53.88594393705544,31.033882000000002
Kepler-249 b,3.306539,0.035,1.09,1.32,0.0,35514.26344,575.85837,90.0,0.3,M2,3568.0,0.48,0.51,66.10261980485086,34.434494
LHS 1678 c,3.694284,0.032724868,0.941,1.4,0.039,18440.552799999998,488.69121,88.82,0.25,M2,3490.0,0.33,0.35,65.31209890449628,38.964985
LHS 1678 d,4.9652229,0.04002592,0.981,0.907,0.036,12322.548327999999,441.85983,88.31,0.3,M2,3490.0,0.33,0.35,67.47494000314896,43.342078
Kepler-68 c,9.605027,0.090521437,0.979,1.3,0.099,286695.5208,968.87733,87.071,0.25,G2,5847.0,1.26,1.06,51.32866885202251,29.952999000000002
Kepler-1649 c,19.53527,0.0649,1.06,1.2,0.0,1667.4372480000002,268.05713,89.339,0.3,M5,3240.0,0.23,0.2,95.27799334828791,92.52979
GJ 367 b,0.3219225,0.007102762,0.699,0.633,0.06,783482.9983999999,1247.179,79.89,0.25,M1,3522.0,0.46,0.46,62.855579609239285,28.429496
K2-157 b,0.365261,0.0097938717,1.0,0.972,nan,8742388.175999999,2280.9854,89.7,0.3,G8,5456.0,0.88,0.94,53.93036878571111,29.311320000000002
K2-129 b,8.239493,0.05748165,1.04,1.12,0.13,6273.2176,372.13583,89.21,0.3,M3,3459.09,0.36,0.36,67.95764606185365,54.46506
K2-72 b,5.577212,0.040242,1.08,1.28,0.11,12446.935288,442.06916,89.15,0.3,M4,3360.47,0.33,0.27,67.87465743930161,43.154405000000004
Kepler-1049 b,3.2734607,0.0349,0.95,0.809,0.0,80888.73768,707.43574,88.1,0.3,K9,3864.0,0.49,0.51,62.250518385858825,31.603719
Kepler-1560 b,3.0319574,0.0397,0.89,0.64,0.0,797917.3312,1253.7313,88.74,0.3,G2,5815.0,1.02,1.02,53.308965480834644,29.409889
Kepler-1572 b,5.4954862,0.0614,0.94,0.779,0.0,851534.3384,1274.2819,89.31,0.3,G6,5618.0,0.95,0.97,53.486129137508996,29.480911
Kepler-1297 b,1.68189,0.0283,0.97,0.871,0.0,3403815.752,1801.7996,84.06,0.3,G2,5818.0,0.99,0.99,53.61332841930005,29.337600000000002
Kepler-1576 b,6.9847197,0.0726,1.04,1.12,0.0,223185.34319999997,911.76181,88.54,0.3,G1,5876.0,1.06,1.05,54.001548187336226,30.132109
Kepler-1338 b,0.93511806,0.0193,0.92,0.721,0.0,6447989.023999999,2113.8349,86.81,0.3,G1,5909.0,1.05,1.04,53.39929441153002,29.257765000000003
Kepler-1367 b,1.5740903,0.0236,0.92,0.721,0.0,303888.94,984.90356,89.48,0.3,K6,4106.0,0.6,0.62,58.96506206285383,29.857504000000002
Kepler-1406 b,11.629058,0.0987,1.1,1.37,0.0,190504.2168,876.37733,85.67,0.3,G1,5892.0,1.12,1.05,54.17290997585891,30.21049
Kepler-1438 b,2.3194201,0.0346,0.94,0.779,0.0,1507949.232,1469.9808,87.59,0.3,G7,5530.0,0.96,0.97,53.48780936472466,29.382883
Kepler-186 b,3.8867907,0.0343,1.07,1.24,0.0,47637.68695999999,619.73018,89.6,0.3,M1,3788.0,0.47,0.48,65.22821751682761,33.171879
Kepler-1570 b,26.548955,0.1784,1.07,1.24,0.0,110853.44904,765.42437,89.52,0.3,G6,5550.0,0.89,0.92,54.04395939407835,30.961893
Kepler-1525 b,2.4166012,0.036,0.91,0.693,0.0,1023137.2752,1334.1309,89.79,0.3,G3,5748.0,1.04,1.07,53.38031634413404,29.398391
Kepler-1547 b,0.69297968,0.0165,0.9,0.666,0.0,8328581.112,2253.5009,61.66,0.3,G0,6078.0,1.18,1.12,53.312321006888816,29.214510999999998
Kepler-1443 b,2.4181132,0.0368,0.97,0.871,0.0,3654628.856,1834.1118,89.89,0.3,F8,6289.0,1.27,1.19,48.61330404957961,29.333726
Kepler-212 b,16.257582,0.133,1.09,1.32,0.0,185710.1488,870.81097,89.61,0.3,G2,5852.0,1.46,1.17,54.115381535927725,30.250958999999998
Kepler-1589 b,0.99166527,0.0205,1.09,1.32,0.0,6902893.656,2150.1699,71.48,0.3,F9,6166.0,1.25,1.18,49.115392158055535,29.251624
Kepler-1612 b,3.917951,0.0482,1.03,1.08,0.0,379703.70399999997,1041.3008,88.27,0.3,G5,5643.0,0.94,0.96,54.103597786134934,29.786273
Kepler-1649 b,8.689099,0.0514,1.017,1.03,0.0,2658.3531040000003,301.20914,89.15,0.3,M5,3240.0,0.23,0.2,68.62082099534653,77.1452
Kepler-322 b,1.653888,0.027,1.01,1.01,0.0,961194.7288,1313.463,88.21,0.3,G9,5388.0,0.89,0.92,54.21729808057676,29.488260999999998
TRAPPIST-1 c,2.421937,0.015800338,1.097,1.308,0.00654,3014.629992,310.82791,89.778,0.3,M7,2566.0,0.12,0.09,69.02669039091609,73.055616
HD 23472 e,7.90754,0.0681666,0.818,0.72,0.07,69917.79448,681.49406,88.63,0.25,K4,4684.0,0.71,0.67,53.8366823299955,31.620283999999998
Kepler-271 c,7.4108627,0.0702,0.95,0.809,0.0,154122.0136,831.15334,89.79,0.3,G6,5555.0,0.87,0.9,54.00622609832946,30.502679999999998
Kepler-282 b,9.220524,0.082,1.01,1.01,0.0,258173.2336,945.56804,89.85,0.3,G6,5602.0,0.9,0.79,53.79921670236611,30.029512000000004
Kepler-1417 b,20.350521,0.1431,1.0,0.972,0.0,164914.7968,845.33703,89.48,0.3,G2,5839.0,1.02,1.02,53.744274576507884,30.446041
Kepler-392 c,10.423118,0.093,1.1,1.37,0.0,246361.5928,934.56225,87.72,0.3,G1,5938.0,1.13,1.07,54.16958602141522,29.984717
GJ 273 c,4.7234,0.036993948,1.06,1.18,0.17,9122.352592,407.71731,nan,0.3,M3,3382.0,0.29,0.29,68.29061361171873,47.597106
Kepler-387 b,6.791636,0.068,1.03,1.08,0.0,403200.51920000004,1057.0493,89.55,0.3,G3,5774.0,1.05,0.82,53.87382533613471,29.756961999999998
Kepler-387 c,11.837549,0.098,0.89,0.64,0.0,194127.36560000002,880.51482,88.58,0.3,G3,5774.0,1.05,0.82,53.273645129635874,30.151842000000002
TRAPPIST-1 g,12.352446,0.046830101,1.129,1.321,0.00208,343.15594799999997,180.54585,89.742,0.3,M7,2566.0,0.12,0.09,68.91529334313925,57.566382000000004
Kepler-524 c,1.8889791,0.0303,0.96,0.84,0.0,4070555.208,1884.2061,89.84,0.3,G0,6014.0,1.1,1.09,53.572428887514405,29.321824000000003
Kepler-779 b,7.0971422,0.0533,0.92,0.721,0.0,27930.872160000003,542.29563,89.89,0.3,K9,3804.0,0.44,0.46,63.62334280016658,35.788008
Kepler-20 e,6.0984882,0.063969578,0.821,0.76,0.092,230200.25040000002,917.38098,87.63,0.25,G7,5495.0,0.92,0.93,51.026825051433676,29.775090999999996
Kepler-1027 b,1.9078052,0.0295,0.89,0.64,0.0,1602857.376,1492.5837,86.74,0.3,G8,5436.0,0.82,0.91,53.28176617959261,29.289352
K2-411 b,3.2141,0.0511,0.99,0.937,nan,943402.692,1307.3421,90.001,0.3,G4,5711.0,1.38,1.02,53.69950827125714,29.492006
YZ Cet b,2.02087,0.016369412,0.913,0.7,0.06,11189.687096000001,431.1475,nan,0.3,M4,3151.0,0.16,0.14,68.17620549826026,44.521766
Kepler-37 c,21.301848,0.13968117,0.755,1.3,0.099,33701.40928,567.31672,89.07,0.4,G9,5357.0,0.79,0.79,21.058805126177013,34.032187
GJ 1002 b,10.3465,0.0457,1.03,1.08,nan,915.6015312,230.74995,nan,0.3,M5,3024.0,0.14,0.12,69.02709268733614,86.151546
Kepler-1169 b,6.1100913,0.0709,0.94,0.779,0.0,494591.2544,1112.44,89.16,0.3,F9,6191.0,1.23,1.24,48.486405032375195,29.643133
Kepler-1150 b,2.7878684,0.0382,1.02,1.04,0.0,201100.0584,888.31711,89.16,0.3,K3,4754.0,0.72,0.76,57.03254768384129,30.23579
Kepler-1200 b,1.1185497,0.0188,1.06,1.2,0.0,787450.404,1249.5993,87.68,0.3,K4,4612.0,0.7,0.74,57.08356332272324,29.503058999999997
Kepler-1293 b,5.5765478,0.0659,0.97,0.871,0.0,1258253.3,1404.9375,87.54,0.3,F8,6241.0,1.28,1.18,48.6133040475096,29.433799
Kepler-1296 b,8.3839865,0.0896,0.91,0.693,0.0,518707.9304,1125.7597,81.36,0.3,G9,5359.0,0.83,0.87,53.355137383008945,29.580277
Kepler-1081 b,3.8569186,0.0466,1.01,1.01,0.0,309575.848,989.47939,87.9,0.3,G9,5345.0,0.84,0.88,54.348111555683346,29.907002
Kepler-1650 b,1.53818,0.016700835,0.96,0.84,0.01,65633.82032,671.41148,77.38,0.3,M4,3410.0,0.33,0.33,67.09819336577944,32.144884000000005
Kepler-374 c,3.282807,0.042,1.1,1.37,0.0,1448906.328,1455.3755,88.82,0.3,G1,5977.0,0.91,1.04,54.16840749712644,29.341666
TRAPPIST-1 b,1.510826,0.011540223,1.116,1.374,0.00622,5651.135104,363.70206,89.728,0.3,M7,2566.0,0.12,0.09,69.05606577547809,56.548578000000006
TRAPPIST-1 e,6.101013,0.02925038,0.92,0.692,0.0051,879.6153872,228.44732,89.793,0.3,M7,2566.0,0.12,0.09,68.37114920655772,84.549451
Kepler-398 d,6.83437,0.0618,0.88,0.615,0.0,55025.24096,642.47387,85.83,0.3,K4,4557.0,0.67,0.72,58.67366962334413,32.549199
Kepler-625 c,4.1653651,0.0508,1.05,1.16,0.0,1342182.2319999998,1427.8016,87.83,0.3,G2,5789.0,0.96,1.04,53.962952965124614,29.411405000000002
Kepler-398 c,11.419412,0.087,1.01,1.01,0.0,27765.173840000003,541.48955,85.38,0.3,K5,4493.0,0.61,0.65,59.75104681098264,35.892027999999996
Kepler-889 b,3.744439,0.0492,1.09,1.32,0.0,1357090.1576,1431.7499,89.01,0.3,G1,5961.0,1.25,1.14,54.11537609316431,29.365244
Kepler-26 d,3.543919,0.039,1.07,1.24,0.0,77877.08568,700.75694,89.91,0.3,M0,4486.0,0.57,0.62,62.27710932929608,31.674778999999997
Kepler-220 d,28.122397,0.163,0.98,0.904,0.0,10793.534872,427.5687,89.34,0.3,K4,4632.0,0.67,0.73,59.31195455958368,45.109952
K2-315 b,3.1443189,0.023263602,0.95,0.809,nan,10308.251376,422.67955,88.74,0.3,M(,3300.0,0.2,0.17,68.19342808883725,45.742471
K2-183 b,0.469285,0.011574707,1.1,1.37,nan,7387864.624,2186.9795,90.1,0.3,G7,5482.0,0.87,0.94,54.25516647907484,29.235197000000003
K2-156 b,0.813143,0.0149,1.1,1.37,nan,889541.8232000001,1288.2691,89.8,0.3,K5,4460.0,0.62,0.66,58.9132179578739,29.424837999999998
K2-239 d,10.115,0.0685,1.1,1.37,nan,4636.153096,346.1421,89.43,0.3,M3,3420.0,0.36,0.4,68.26025635922643,61.218941
Kepler-197 b,5.599308,0.060012,1.02,1.04,0.02,629974.9568,1181.7163,79.07,0.3,G0,6004.0,1.12,0.86,53.82137632530106,29.590487
Kepler-130 b,8.457458,0.07988875,1.02,1.04,0.15,347717.3336,1014.3124,88.36,0.3,G1,5884.0,1.13,0.93,53.82181437876182,29.836806
Proxima Cen b,11.1868,0.048569712,1.03,1.07,0.02,922.7168063999999,231.1796,nan,0.3,M5,2900.0,0.14,0.12,69.02367987030001,86.41422899999999
Kepler-1163 b,6.117869,0.0685,1.03,1.08,0.0,721369.4863999999,1222.5156,88.22,0.3,F8,6302.0,1.35,1.22,48.87119628968753,29.547693000000002
Kepler-1157 b,4.4574316,0.0448,1.09,1.32,0.0,143213.1408,816.0386,89.31,0.3,K4,4679.0,0.71,0.76,57.48931374399066,30.552888
Kepler-1398 c,4.1382759,0.051,1.03,1.08,0.0,1072503.0992,1349.9405,86.45,0.3,F9,6126.0,1.18,1.13,48.87123700191286,29.460686000000003
Kepler-1408 b,2.9979319,0.0425,0.89,0.64,0.0,2856018.768,1724.4684,85.24,0.3,F9,6170.0,1.35,1.21,48.26990914807388,29.236859999999997
Kepler-1053 b,2.4143516,0.0315,0.98,0.904,0.0,174549.1728,857.42162,89.12,0.3,K4,4529.0,0.69,0.74,59.56886705116221,30.379025
Kepler-1347 b,14.009475,0.104,1.03,1.08,0.0,51460.29064,631.80497,89.5,0.3,K0,5193.0,0.79,0.82,55.229186476273355,32.922455
Kepler-1352 b,1.8778827,0.03,0.89,0.64,0.0,2768830.664,1711.1539,87.58,0.3,F9,6118.0,1.16,1.11,48.270047285056,29.238975
Kepler-1203 b,0.58800076,0.0114,1.06,1.2,0.0,1464634.3199999998,1459.3091,83.78,0.3,K6,4105.0,0.61,0.64,58.64461436873556,29.390476999999997
Kepler-1387 b,2.2795267,0.031,0.93,0.749,0.0,389776.3808,1048.139,89.83,0.3,K1,5046.0,0.77,0.82,55.577304339725444,29.734233
Kepler-1427 b,0.96897238,0.0197,1.1,1.37,0.0,3635854.192,1831.7517,89.25,0.3,G2,5793.0,1.01,1.01,54.182929799642935,29.262017
Kepler-1445 b,10.600523,0.0948,0.96,0.84,0.0,331071.8312,1006.226,86.66,0.3,F9,6150.0,1.26,1.13,48.57246711249689,29.853042000000002
Kepler-1425 b,14.45413,0.1038,0.94,0.779,0.0,315605.2312,994.26244,87.74,0.3,G4,5718.0,0.95,0.97,53.48612910018148,29.862016000000004
Kepler-1398 b,2.7881568,0.0392,0.9,0.666,0.0,1815376.824,1539.7729,89.47,0.3,F9,6126.0,1.18,1.13,48.312045868669536,29.297174
Kepler-1328 b,4.5215889,0.0529,0.98,0.904,0.0,821537.8248,1262.9085,88.82,0.3,G2,5780.0,0.99,1.0,53.65792773687204,29.519430000000003
Kepler-1637 b,6.1096032,0.0596,0.89,0.64,0.0,403688.5144,1057.369,89.24,0.3,G2,5789.0,1.02,1.02,53.28961237631623,29.643694999999997
Kepler-1616 b,6.7628438,0.0761,1.02,1.04,0.0,1020397.9904,1333.2371,85.5,0.3,F8,6266.0,1.34,1.21,48.8208858421828,29.474085
Kepler-192 d,6.4702758,0.0668,1.02,1.04,0.0,245462.97280000002,933.70886,85.94,0.3,G7,5487.0,0.94,0.94,53.904726931705774,30.065053000000002
Kepler-1597 b,2.9465418,0.0427,1.06,1.2,0.0,2026203.888,1582.6532,89.92,0.3,F7,6377.0,1.39,1.25,49.00472486225754,29.354155
Kepler-1605 b,85.75655,0.3912,1.08,1.28,0.0,23863.88872,521.3751,89.51,0.3,K0,5280.0,0.82,0.86,54.0808126238231,36.855763
Kepler-163 b,7.810937,0.078,1.05,1.16,0.0,162685.8248,842.46605,85.78,0.3,G2,5776.0,0.92,0.88,54.156838861103125,30.440374
LHS 475 b,2.029088,0.02001557,0.991,0.941,nan,30395.05888,553.88006,87.194,0.3,M3,3300.0,0.28,0.26,67.79007108492897,35.345302000000004
Kepler-316 b,2.240508,0.027,1.06,1.2,0.0,216177.9432,904.51928,87.63,0.3,K6,4204.0,0.52,0.59,60.12695821677367,30.143092
Kepler-399 b,14.425281,0.103,0.96,0.84,0.0,48962.59896,623.99498,89.98,0.3,G7,5502.0,0.68,0.9,55.39161576158591,33.09576
Ross 128 b,9.8658,0.049933709,1.11,1.4,0.116,2016.1243840000002,280.37696,nan,0.3,M4,3192.0,0.2,0.17,75.69629631220768,85.77206699999999
AU Mic d,12.73596,0.085255576,1.02,1.053,0.00305,17143.49632,479.9976,89.318,0.3,M1,3678.0,0.74,0.51,62.47162650209944,39.679677000000005
Kepler-1948 b,15.5713,0.1022,1.033,1.09,0.0,17891.10328,485.14802,89.64,0.3,K9,3872.0,0.56,0.59,60.488512124281996,39.26923
Kepler-1957 b,2.18662,0.0299,0.944,0.79,0.0,381238.30079999997,1042.3513,82.31,0.3,K2,4904.0,0.77,0.74,55.95449996359399,29.762483
TRAPPIST-1 f,9.20754,0.038491952,1.045,1.039,0.01007,508.0016296,199.14665,89.74,0.3,M7,2566.0,0.12,0.09,68.68637878026257,67.711241
YZ Cet c,3.05989,0.02156,1.05,1.14,0.0,6415.660872,375.42685,nan,0.3,M4,3151.0,0.16,0.14,68.75993656282465,53.992253
Kepler-969 c,1.6829346,0.0272,0.99,0.937,0.0,750587.1008,1234.7108,82.42,0.3,K0,5214.0,0.82,0.92,54.53690047997862,29.544207
EPIC 206317286 b,1.58252,0.023704375,0.96,0.84,nan,617848.34,1176.0762,nan,0.3,K3,4864.0,0.67,0.71,55.8375320229633,29.585146
GJ 1061 b,3.204,0.02200905,1.1,1.37,0.31,5508.585888,354.65981,nan,0.3,M5,2953.0,0.16,0.12,69.06153703590711,57.158634
Kepler-1047 c,3.188976,0.0434,0.99,0.937,0.0,1916723.4799999997,1560.8273,86.09,0.3,G3,5754.0,1.13,1.08,53.69940804823058,29.388703
Kepler-1421 b,6.9131112,0.0762,0.93,0.749,0.0,930312.7328,1302.7834,88.6,0.3,F8,6335.0,1.42,1.25,48.440591248232145,29.449132
Kepler-1178 b,31.80634,0.1596,1.07,1.24,0.0,28214.550479999998,543.66737,89.5,0.3,K2,4990.0,0.75,0.8,54.85328212358652,35.748142
Kepler-1278 b,3.2394134,0.0419,1.01,1.01,0.0,1799330.1840000001,1536.359,87.54,0.3,G0,6074.0,1.16,1.11,53.79462889448897,29.395257
Kepler-1331 b,0.78916165,0.0142,1.05,1.16,0.0,831691.4216,1266.7927,86.5,0.3,K4,4508.0,0.69,0.72,59.6530632202826,29.499102999999998
Kepler-336 b,2.024823,0.033,1.02,1.04,0.0,2272537.288,1628.7062,87.61,0.3,G1,5867.0,1.3,1.09,53.820985110680844,29.370435999999998
Kepler-865 c,6.2092021,0.061,0.89,0.64,0.0,184026.02000000002,868.82997,89.11,0.3,G8,5440.0,0.89,0.78,53.87598465452119,30.205358
Kepler-362 b,10.327186,0.087,0.88,0.615,0.0,290737.06,974.06981,88.47,0.3,G2,5788.0,0.72,1.02,53.229653743781284,29.802529
TOI-540 b,1.2391491,0.01223,0.903,0.674,0.0,31454.732799999998,558.64573,86.8,0.3,MV,3216.0,0.19,0.16,67.95947708005347,35.050419
Kepler-1800 b,4.5620298,0.0592,0.997,0.961,0.0,251707.11359999998,939.59102,79.48,0.3,G9,5343.0,2.51,1.33,53.93674914426735,30.04925
Kepler-1416 b,1.4951495,0.0257,0.88,0.615,0.0,3959794.6319999998,1871.2557,42.38,0.3,G0,6019.0,1.15,1.09,53.22904409161842,29.193879
K2-72 d,7.760178,0.0503025,1.01,1.01,0.11,7966.038568,395.39868,89.26,0.3,M4,3360.47,0.33,0.27,67.74449145841143,49.911318
Kepler-1285 b,14.796746,0.1268,0.97,0.871,0.0,256035.6264,943.60467,89.48,0.3,F9,6170.0,1.28,1.2,48.61330442453003,30.028264
Kepler-520 c,5.2110426,0.0594,1.07,1.24,0.0,1247285.92,1401.8659,83.02,0.3,G0,6112.0,1.09,1.1,54.04395689697557,29.402848999999996
EPIC 201170410.02,6.7987,0.0349,1.047,1.15,0.0,14056.8512,456.75888,89.002,0.3,M2,3648.0,0.28,0.29,67.90102275673509,41.742203
Kepler-780 b,0.67737516,0.015,0.89,0.64,0.0,6285739.664,2100.41,87.38,0.3,G3,5769.0,1.02,1.01,53.2832384209797,29.200203000000002
GJ 1002 c,21.202,0.0738,1.1,1.36,nan,351.09624,181.58147,nan,0.3,M5,3024.0,0.14,0.12,69.1334371289323,58.171525
Kepler-1934 b,1.41976,0.0245,0.913,0.702,0.0,2905405.4,1731.8755,83.77,0.3,G1,5925.0,1.04,0.97,53.37423583831998,29.282335
Kepler-1578 b,1.4508869,0.0252,1.04,1.12,0.0,1464663.4239999999,1459.3163,86.85,0.3,G7,5545.0,0.86,0.9,54.058794089419685,29.406900000000004
Kepler-1505 b,30.860937,0.1862,0.93,0.749,0.0,55281.46632,643.22049,88.4,0.3,G4,5686.0,0.86,0.93,53.447637579299005,32.636108
Kepler-1607 b,13.647368,0.1075,0.92,0.721,0.0,602173.9728,1168.5451,86.47,0.3,F9,6116.0,1.21,1.14,48.39916728520046,29.546369
YZ Cet d,4.65626,0.02857985,1.03,1.09,0.07,3677.994744,326.37578,nan,0.3,M4,3151.0,0.16,0.14,68.78173740007755,67.449052
Kepler-1409 b,0.76486493,0.0152,1.04,1.12,0.0,2227674.56,1620.6078,87.31,0.3,K1,5160.0,0.79,0.83,54.858900042507116,29.362
Kepler-59 b,11.868171,0.104,1.1,1.37,0.0,265138.1608,951.88184,86.93,0.3,G0,6074.0,0.94,1.04,54.16837614515703,29.930077
Kepler-1173 b,0.7698536,0.0157,0.89,0.64,0.0,2026467.32,1582.7047,80.42,0.3,K0,5252.0,0.82,0.86,54.334679105275015,29.264349
Kepler-115 b,2.403679,0.036,1.09,1.32,0.0,1741541.88,1523.8719,80.55,0.3,G1,5979.0,1.21,1.07,54.115735711380374,29.334042
Kepler-374 b,1.897806,0.029,1.03,1.08,0.0,3039085.512,1751.462,87.55,0.3,G1,5977.0,0.91,1.04,53.871268395225364,29.344852999999997
Kepler-1423 b,23.955378,0.1586,1.06,1.2,0.0,16327.9832,474.18533,89.12,0.3,K2,4939.0,0.75,0.79,57.37824170649098,40.127545999999995
Kepler-376 b,4.920199,0.057,1.07,1.24,0.0,952333.7984000001,1310.4253,88.48,0.3,G1,5900.0,1.18,1.06,54.043964243791415,29.45046
Kepler-1561 b,1.005207,0.0194,1.09,1.32,0.0,3450924.3839999996,1808.0017,88.34,0.3,G1,5957.0,1.11,1.07,54.14531418819043,29.279452
Kepler-1689 b,8.483,0.0798,0.947,0.799,0.0,205841.58959999998,893.50763,88.5,0.3,G3,5731.43,1.0,1.02,53.55434132308914,30.191022
Kepler-119 c,4.125103,0.049,0.92,0.721,0.0,520171.7392,1126.5531,88.65,0.3,G6,5595.0,0.84,0.92,53.43532540041666,29.596432
Kepler-2001 b,1.090011,0.0197,1.04,1.12,0.0,996796.3872,1325.4599,83.71,0.3,K1,5081.0,0.77,0.86,55.81297323990505,29.468383
Kepler-332 c,15.995622,0.114,1.09,1.32,0.0,27272.7668,539.07263,89.86,0.3,K2,4955.0,0.72,0.8,57.67140355220474,35.934156
K2-223 b,0.50557,0.0127,0.89,0.64,nan,7779137.848,2215.3781,89.7,0.3,G2,5859.0,1.0,1.06,53.30157628874405,29.194341
Kepler-1956 b,5.9437199,0.0563,1.089,1.32,0.0,38683.174960000004,588.29548,89.54,0.3,K5,4391.0,0.68,0.67,62.53864617648689,34.023649999999996
Kepler-1365 b,7.6999348,0.075,0.92,0.721,0.0,643304.1944,1188.0072,89.92,0.3,G3,5770.0,1.05,1.0,53.39916783660124,29.526055
Kepler-398 b,4.081423,0.044,0.93,0.749,0.0,108550.93232,761.41841,82.74,0.3,K5,4493.0,0.61,0.65,58.45230078468701,30.99155
Kepler-1464 c,5.3278629,0.0548,1.0,0.972,0.0,1218927.268,1393.8288,89.24,0.3,G2,5828.0,1.01,1.02,53.74426874657381,29.446936
Kepler-1376 b,5.3088066,0.0598,1.05,1.16,0.0,322950.9312,999.99797,89.26,0.3,G5,5659.0,0.97,0.98,54.03081356891994,29.861167
Kepler-1598 b,4.3419512,0.0527,0.95,0.809,0.0,447628.44159999996,1085.0366,89.47,0.3,G1,5940.0,1.09,1.07,53.582214745756,29.69431
Kepler-395 b,7.054346,0.061,1.03,1.08,0.0,23381.86936,518.72215,88.36,0.3,K6,4262.0,0.56,0.62,64.0975912311805,37.054234
Kepler-1698 b,1.2107,0.0203,1.073,1.25,0.0,1001259.9208000001,1326.9412,83.56,0.3,K2,4975.03,0.74,0.82,55.643076039467516,29.437205
K2-91 b,1.419549,0.01646642,1.1,1.37,0.09,73217.89976,688.98132,88.62,0.3,M2,3622.0,0.28,0.29,67.61105341953656,31.785123
K2-190 c,21.574023,0.14640116,1.093,1.34,nan,52053.49272,633.61792,88.977,0.3,G5,5631.0,0.91,0.9,54.314256854601695,32.816646
K2-239 c,7.775,0.0576,1.0,0.972,nan,6556.830232,377.47524,88.77,0.3,M3,3420.0,0.36,0.4,67.67688368546368,53.583521
K2-338 b,3.850614,0.041851487,1.03,1.08,nan,113270.57976000001,769.56315,nan,0.3,K4,4558.0,0.63,0.66,59.23119230631484,30.959265000000002
EPIC 228836835 b,0.728113,0.011859286,1.1,1.37,nan,236277.2064,924.84816,89.7,0.3,M0,3782.0,0.32,0.42,66.45779659443335,30.017627
Kepler-1947 b,6.9636302,0.0711,1.01,1.01,0.0,347375.9192,1018.3918,89.69,0.3,G0,6040.0,1.69,0.98,53.801090626271495,29.839956
Kepler-1909 b,2.3916099,0.0306,1.092,1.33,0.0,385563.6312,1045.2953,88.15,0.3,K2,4935.0,0.69,0.66,56.3484952469274,29.717579
EPIC 220492298 b,0.762406,0.016052462,0.99,0.937,nan,5169583.856,2000.2251,92.6,0.3,G6,5620.0,0.89,0.95,53.716830537240206,29.325625
Kepler-1693 c,5.3637099,0.0588,0.977,0.894,0.0,238113.628,926.64001,89.97,0.3,G6,5553.0,1.1,0.94,53.96363099838298,30.087632
Kepler-381 d,8.2563,0.085,1.067,1.23,0.0,614753.5647999999,1174.6007,87.44,0.3,F9,6197.0,2.19,1.2,49.03700353501832,29.564193
Kepler-1312 c,1.11612,0.0209,1.027,1.07,0.0,2478827.664,1664.4723,82.64,0.3,G4,5721.0,0.91,0.98,53.93301068392848,29.360591000000003
Kepler-1898 b,4.7656202,0.0522,0.934,0.76,0.0,290534.624,973.90021,89.51,0.3,G4,5702.0,1.12,0.84,53.84406278189464,29.906686
Kepler-1759 b,3.7202301,0.0429,0.904,0.676,0.0,202126.99440000003,889.44903,88.63,0.3,K2,5017.0,0.8,0.76,55.6209401183935,30.143470999999998
Kepler-1911 b,5.9907999,0.0636,1.011,1.01,0.0,280947.1816,965.76431,84.42,0.3,G4,5721.0,0.97,0.95,53.87034941463904,29.969544999999997
Kepler-381 b,5.629021,0.066,0.99,0.937,0.0,1019649.7999999999,1332.9926,88.8,0.3,F9,6152.0,1.57,1.2,48.69940775181484,29.476803
Kepler-1966 b,8.6174297,0.0763,1.105,1.39,0.0,63312.55328,665.40712,89.86,0.3,K2,5009.0,0.84,0.8,56.968321140414034,32.171506
K2-384 b,2.231527,0.023089561,1.076,1.26,nan,34411.8148,571.33638,nan,0.3,M4,3623.0,0.35,0.33,67.71783600533756,34.614725
K2-381 b,7.9389334,0.070746471,1.075,1.26,nan,49559.776320000004,625.889,88.863,0.3,K5,4473.0,0.68,0.75,58.60254292412429,33.017723
Wolf 1069 b,15.564,0.0672,1.08,1.26,nan,886.7483016,228.91016,nan,0.3,M5,3158.0,0.18,0.17,69.10976012754026,84.859348
Kepler-1992 b,15.611224,0.1169,0.91,0.693,0.0,97478.73576,741.21202,89.03,0.3,G9,5383.0,0.84,0.87,53.39285741612197,31.154576
